npoin source  grid spacing  facthsml
   2402           5.0      10.0    10.0       2
---  X   ---------  Y   -------  h  -----
472406.4205068179	291703.10321233014	5.5
472411.4205068179	291703.10321233014	5.5
472416.4205068179	291703.10321233014	5.5
472421.4205068179	291703.10321233014	5.5
472426.4205068179	291703.10321233014	5.5
472431.4205068179	291703.10321233014	5.5
472436.4205068179	291703.10321233014	5.5
472396.4205068179	291698.10321233014	5.5
472401.4205068179	291698.10321233014	5.5
472406.4205068179	291698.10321233014	5.5
472411.4205068179	291698.10321233014	5.5
472416.4205068179	291698.10321233014	5.5
472421.4205068179	291698.10321233014	5.5
472426.4205068179	291698.10321233014	5.5
472431.4205068179	291698.10321233014	5.5
472436.4205068179	291698.10321233014	5.5
472441.4205068179	291698.10321233014	5.5
472446.4205068179	291698.10321233014	5.5
472451.4205068179	291698.10321233014	5.5
472391.4205068179	291693.10321233014	5.5
472396.4205068179	291693.10321233014	5.5
472401.4205068179	291693.10321233014	5.5
472406.4205068179	291693.10321233014	5.5
472411.4205068179	291693.10321233014	5.5
472416.4205068179	291693.10321233014	5.5
472421.4205068179	291693.10321233014	5.5
472426.4205068179	291693.10321233014	5.5
472431.4205068179	291693.10321233014	5.5
472436.4205068179	291693.10321233014	5.5
472441.4205068179	291693.10321233014	5.5
472446.4205068179	291693.10321233014	5.5
472451.4205068179	291693.10321233014	5.5
472456.4205068179	291693.10321233014	5.5
472461.4205068179	291693.10321233014	5.5
472386.4205068179	291688.10321233014	5.5
472391.4205068179	291688.10321233014	5.5
472396.4205068179	291688.10321233014	5.5
472401.4205068179	291688.10321233014	5.5
472406.4205068179	291688.10321233014	5.5
472411.4205068179	291688.10321233014	5.5
472416.4205068179	291688.10321233014	5.5
472421.4205068179	291688.10321233014	5.5
472426.4205068179	291688.10321233014	5.5
472431.4205068179	291688.10321233014	5.5
472436.4205068179	291688.10321233014	5.5
472441.4205068179	291688.10321233014	5.5
472446.4205068179	291688.10321233014	5.5
472451.4205068179	291688.10321233014	5.5
472456.4205068179	291688.10321233014	5.5
472461.4205068179	291688.10321233014	5.5
472466.4205068179	291688.10321233014	5.5
472381.4205068179	291683.10321233014	5.5
472386.4205068179	291683.10321233014	5.5
472391.4205068179	291683.10321233014	5.5
472396.4205068179	291683.10321233014	5.5
472401.4205068179	291683.10321233014	5.5
472406.4205068179	291683.10321233014	5.5
472411.4205068179	291683.10321233014	5.5
472416.4205068179	291683.10321233014	5.5
472421.4205068179	291683.10321233014	5.5
472426.4205068179	291683.10321233014	5.5
472431.4205068179	291683.10321233014	5.5
472436.4205068179	291683.10321233014	5.5
472441.4205068179	291683.10321233014	5.5
472446.4205068179	291683.10321233014	5.5
472451.4205068179	291683.10321233014	5.5
472456.4205068179	291683.10321233014	5.5
472461.4205068179	291683.10321233014	5.5
472466.4205068179	291683.10321233014	5.5
472471.4205068179	291683.10321233014	5.5
472516.4205068179	291683.10321233014	5.5
472521.4205068179	291683.10321233014	5.5
472526.4205068179	291683.10321233014	5.5
472531.4205068179	291683.10321233014	5.5
472371.4205068179	291678.10321233014	5.5
472376.4205068179	291678.10321233014	5.5
472381.4205068179	291678.10321233014	5.5
472386.4205068179	291678.10321233014	5.5
472391.4205068179	291678.10321233014	5.5
472396.4205068179	291678.10321233014	5.5
472401.4205068179	291678.10321233014	5.5
472406.4205068179	291678.10321233014	5.5
472411.4205068179	291678.10321233014	5.5
472416.4205068179	291678.10321233014	5.5
472421.4205068179	291678.10321233014	5.5
472426.4205068179	291678.10321233014	5.5
472431.4205068179	291678.10321233014	5.5
472436.4205068179	291678.10321233014	5.5
472441.4205068179	291678.10321233014	5.5
472446.4205068179	291678.10321233014	5.5
472451.4205068179	291678.10321233014	5.5
472456.4205068179	291678.10321233014	5.5
472461.4205068179	291678.10321233014	5.5
472466.4205068179	291678.10321233014	5.5
472471.4205068179	291678.10321233014	5.5
472476.4205068179	291678.10321233014	5.5
472501.4205068179	291678.10321233014	5.5
472506.4205068179	291678.10321233014	5.5
472511.4205068179	291678.10321233014	5.5
472516.4205068179	291678.10321233014	5.5
472521.4205068179	291678.10321233014	5.5
472526.4205068179	291678.10321233014	5.5
472531.4205068179	291678.10321233014	5.5
472536.4205068179	291678.10321233014	5.5
472541.4205068179	291678.10321233014	5.5
472366.4205068179	291673.10321233014	5.5
472371.4205068179	291673.10321233014	5.5
472376.4205068179	291673.10321233014	5.5
472381.4205068179	291673.10321233014	5.5
472386.4205068179	291673.10321233014	5.5
472391.4205068179	291673.10321233014	5.5
472396.4205068179	291673.10321233014	5.5
472401.4205068179	291673.10321233014	5.5
472406.4205068179	291673.10321233014	5.5
472411.4205068179	291673.10321233014	5.5
472416.4205068179	291673.10321233014	5.5
472421.4205068179	291673.10321233014	5.5
472426.4205068179	291673.10321233014	5.5
472431.4205068179	291673.10321233014	5.5
472436.4205068179	291673.10321233014	5.5
472441.4205068179	291673.10321233014	5.5
472446.4205068179	291673.10321233014	5.5
472451.4205068179	291673.10321233014	5.5
472456.4205068179	291673.10321233014	5.5
472461.4205068179	291673.10321233014	5.5
472466.4205068179	291673.10321233014	5.5
472471.4205068179	291673.10321233014	5.5
472476.4205068179	291673.10321233014	5.5
472481.4205068179	291673.10321233014	5.5
472486.4205068179	291673.10321233014	5.5
472491.4205068179	291673.10321233014	5.5
472496.4205068179	291673.10321233014	5.5
472501.4205068179	291673.10321233014	5.5
472506.4205068179	291673.10321233014	5.5
472511.4205068179	291673.10321233014	5.5
472516.4205068179	291673.10321233014	5.5
472521.4205068179	291673.10321233014	5.5
472526.4205068179	291673.10321233014	5.5
472531.4205068179	291673.10321233014	5.5
472536.4205068179	291673.10321233014	5.5
472541.4205068179	291673.10321233014	5.5
472546.4205068179	291673.10321233014	5.5
472361.4205068179	291668.10321233014	5.5
472366.4205068179	291668.10321233014	5.5
472371.4205068179	291668.10321233014	5.5
472376.4205068179	291668.10321233014	5.5
472381.4205068179	291668.10321233014	5.5
472386.4205068179	291668.10321233014	5.5
472391.4205068179	291668.10321233014	5.5
472396.4205068179	291668.10321233014	5.5
472401.4205068179	291668.10321233014	5.5
472406.4205068179	291668.10321233014	5.5
472411.4205068179	291668.10321233014	5.5
472416.4205068179	291668.10321233014	5.5
472421.4205068179	291668.10321233014	5.5
472426.4205068179	291668.10321233014	5.5
472431.4205068179	291668.10321233014	5.5
472436.4205068179	291668.10321233014	5.5
472441.4205068179	291668.10321233014	5.5
472446.4205068179	291668.10321233014	5.5
472451.4205068179	291668.10321233014	5.5
472456.4205068179	291668.10321233014	5.5
472461.4205068179	291668.10321233014	5.5
472466.4205068179	291668.10321233014	5.5
472471.4205068179	291668.10321233014	5.5
472476.4205068179	291668.10321233014	5.5
472481.4205068179	291668.10321233014	5.5
472486.4205068179	291668.10321233014	5.5
472491.4205068179	291668.10321233014	5.5
472496.4205068179	291668.10321233014	5.5
472501.4205068179	291668.10321233014	5.5
472506.4205068179	291668.10321233014	5.5
472511.4205068179	291668.10321233014	5.5
472516.4205068179	291668.10321233014	5.5
472521.4205068179	291668.10321233014	5.5
472526.4205068179	291668.10321233014	5.5
472531.4205068179	291668.10321233014	5.5
472536.4205068179	291668.10321233014	5.5
472541.4205068179	291668.10321233014	5.5
472546.4205068179	291668.10321233014	5.5
472551.4205068179	291668.10321233014	5.5
472556.4205068179	291668.10321233014	5.5
472561.4205068179	291668.10321233014	5.5
472356.4205068179	291663.10321233014	5.5
472361.4205068179	291663.10321233014	5.5
472366.4205068179	291663.10321233014	5.5
472371.4205068179	291663.10321233014	5.5
472376.4205068179	291663.10321233014	5.5
472381.4205068179	291663.10321233014	5.5
472386.4205068179	291663.10321233014	5.5
472391.4205068179	291663.10321233014	5.5
472396.4205068179	291663.10321233014	5.5
472401.4205068179	291663.10321233014	5.5
472406.4205068179	291663.10321233014	5.5
472411.4205068179	291663.10321233014	5.5
472416.4205068179	291663.10321233014	5.5
472421.4205068179	291663.10321233014	5.5
472426.4205068179	291663.10321233014	5.5
472431.4205068179	291663.10321233014	5.5
472436.4205068179	291663.10321233014	5.5
472441.4205068179	291663.10321233014	5.5
472446.4205068179	291663.10321233014	5.5
472451.4205068179	291663.10321233014	5.5
472456.4205068179	291663.10321233014	5.5
472461.4205068179	291663.10321233014	5.5
472466.4205068179	291663.10321233014	5.5
472471.4205068179	291663.10321233014	5.5
472476.4205068179	291663.10321233014	5.5
472481.4205068179	291663.10321233014	5.5
472486.4205068179	291663.10321233014	5.5
472491.4205068179	291663.10321233014	5.5
472496.4205068179	291663.10321233014	5.5
472501.4205068179	291663.10321233014	5.5
472506.4205068179	291663.10321233014	5.5
472511.4205068179	291663.10321233014	5.5
472516.4205068179	291663.10321233014	5.5
472521.4205068179	291663.10321233014	5.5
472526.4205068179	291663.10321233014	5.5
472531.4205068179	291663.10321233014	5.5
472536.4205068179	291663.10321233014	5.5
472541.4205068179	291663.10321233014	5.5
472546.4205068179	291663.10321233014	5.5
472551.4205068179	291663.10321233014	5.5
472556.4205068179	291663.10321233014	5.5
472561.4205068179	291663.10321233014	5.5
472566.4205068179	291663.10321233014	5.5
472571.4205068179	291663.10321233014	5.5
472576.4205068179	291663.10321233014	5.5
472581.4205068179	291663.10321233014	5.5
472586.4205068179	291663.10321233014	5.5
472591.4205068179	291663.10321233014	5.5
472596.4205068179	291663.10321233014	5.5
472601.4205068179	291663.10321233014	5.5
472606.4205068179	291663.10321233014	5.5
472351.4205068179	291658.10321233014	5.5
472356.4205068179	291658.10321233014	5.5
472361.4205068179	291658.10321233014	5.5
472366.4205068179	291658.10321233014	5.5
472371.4205068179	291658.10321233014	5.5
472376.4205068179	291658.10321233014	5.5
472381.4205068179	291658.10321233014	5.5
472386.4205068179	291658.10321233014	5.5
472391.4205068179	291658.10321233014	5.5
472396.4205068179	291658.10321233014	5.5
472401.4205068179	291658.10321233014	5.5
472406.4205068179	291658.10321233014	5.5
472411.4205068179	291658.10321233014	5.5
472416.4205068179	291658.10321233014	5.5
472421.4205068179	291658.10321233014	5.5
472426.4205068179	291658.10321233014	5.5
472431.4205068179	291658.10321233014	5.5
472436.4205068179	291658.10321233014	5.5
472441.4205068179	291658.10321233014	5.5
472446.4205068179	291658.10321233014	5.5
472451.4205068179	291658.10321233014	5.5
472456.4205068179	291658.10321233014	5.5
472461.4205068179	291658.10321233014	5.5
472466.4205068179	291658.10321233014	5.5
472471.4205068179	291658.10321233014	5.5
472476.4205068179	291658.10321233014	5.5
472481.4205068179	291658.10321233014	5.5
472486.4205068179	291658.10321233014	5.5
472491.4205068179	291658.10321233014	5.5
472496.4205068179	291658.10321233014	5.5
472501.4205068179	291658.10321233014	5.5
472506.4205068179	291658.10321233014	5.5
472511.4205068179	291658.10321233014	5.5
472516.4205068179	291658.10321233014	5.5
472521.4205068179	291658.10321233014	5.5
472526.4205068179	291658.10321233014	5.5
472531.4205068179	291658.10321233014	5.5
472536.4205068179	291658.10321233014	5.5
472541.4205068179	291658.10321233014	5.5
472546.4205068179	291658.10321233014	5.5
472551.4205068179	291658.10321233014	5.5
472556.4205068179	291658.10321233014	5.5
472561.4205068179	291658.10321233014	5.5
472566.4205068179	291658.10321233014	5.5
472571.4205068179	291658.10321233014	5.5
472576.4205068179	291658.10321233014	5.5
472581.4205068179	291658.10321233014	5.5
472586.4205068179	291658.10321233014	5.5
472591.4205068179	291658.10321233014	5.5
472596.4205068179	291658.10321233014	5.5
472601.4205068179	291658.10321233014	5.5
472606.4205068179	291658.10321233014	5.5
472611.4205068179	291658.10321233014	5.5
472616.4205068179	291658.10321233014	5.5
472621.4205068179	291658.10321233014	5.5
472346.4205068179	291653.10321233014	5.5
472351.4205068179	291653.10321233014	5.5
472356.4205068179	291653.10321233014	5.5
472361.4205068179	291653.10321233014	5.5
472366.4205068179	291653.10321233014	5.5
472371.4205068179	291653.10321233014	5.5
472376.4205068179	291653.10321233014	5.5
472381.4205068179	291653.10321233014	5.5
472386.4205068179	291653.10321233014	5.5
472391.4205068179	291653.10321233014	5.5
472396.4205068179	291653.10321233014	5.5
472401.4205068179	291653.10321233014	5.5
472406.4205068179	291653.10321233014	5.5
472411.4205068179	291653.10321233014	5.5
472416.4205068179	291653.10321233014	5.5
472421.4205068179	291653.10321233014	5.5
472426.4205068179	291653.10321233014	5.5
472431.4205068179	291653.10321233014	5.5
472436.4205068179	291653.10321233014	5.5
472441.4205068179	291653.10321233014	5.5
472446.4205068179	291653.10321233014	5.5
472451.4205068179	291653.10321233014	5.5
472456.4205068179	291653.10321233014	5.5
472461.4205068179	291653.10321233014	5.5
472466.4205068179	291653.10321233014	5.5
472471.4205068179	291653.10321233014	5.5
472476.4205068179	291653.10321233014	5.5
472481.4205068179	291653.10321233014	5.5
472486.4205068179	291653.10321233014	5.5
472491.4205068179	291653.10321233014	5.5
472496.4205068179	291653.10321233014	5.5
472501.4205068179	291653.10321233014	5.5
472506.4205068179	291653.10321233014	5.5
472511.4205068179	291653.10321233014	5.5
472516.4205068179	291653.10321233014	5.5
472521.4205068179	291653.10321233014	5.5
472526.4205068179	291653.10321233014	5.5
472531.4205068179	291653.10321233014	5.5
472536.4205068179	291653.10321233014	5.5
472541.4205068179	291653.10321233014	5.5
472546.4205068179	291653.10321233014	5.5
472551.4205068179	291653.10321233014	5.5
472556.4205068179	291653.10321233014	5.5
472561.4205068179	291653.10321233014	5.5
472566.4205068179	291653.10321233014	5.5
472571.4205068179	291653.10321233014	5.5
472576.4205068179	291653.10321233014	5.5
472581.4205068179	291653.10321233014	5.5
472586.4205068179	291653.10321233014	5.5
472591.4205068179	291653.10321233014	5.5
472596.4205068179	291653.10321233014	5.5
472601.4205068179	291653.10321233014	5.5
472606.4205068179	291653.10321233014	5.5
472611.4205068179	291653.10321233014	5.5
472616.4205068179	291653.10321233014	5.5
472621.4205068179	291653.10321233014	5.5
472626.4205068179	291653.10321233014	5.5
472631.4205068179	291653.10321233014	5.5
472341.4205068179	291648.10321233014	5.5
472346.4205068179	291648.10321233014	5.5
472351.4205068179	291648.10321233014	5.5
472356.4205068179	291648.10321233014	5.5
472361.4205068179	291648.10321233014	5.5
472366.4205068179	291648.10321233014	5.5
472371.4205068179	291648.10321233014	5.5
472376.4205068179	291648.10321233014	5.5
472381.4205068179	291648.10321233014	5.5
472386.4205068179	291648.10321233014	5.5
472391.4205068179	291648.10321233014	5.5
472396.4205068179	291648.10321233014	5.5
472401.4205068179	291648.10321233014	5.5
472406.4205068179	291648.10321233014	5.5
472411.4205068179	291648.10321233014	5.5
472416.4205068179	291648.10321233014	5.5
472421.4205068179	291648.10321233014	5.5
472426.4205068179	291648.10321233014	5.5
472431.4205068179	291648.10321233014	5.5
472436.4205068179	291648.10321233014	5.5
472441.4205068179	291648.10321233014	5.5
472446.4205068179	291648.10321233014	5.5
472451.4205068179	291648.10321233014	5.5
472456.4205068179	291648.10321233014	5.5
472461.4205068179	291648.10321233014	5.5
472466.4205068179	291648.10321233014	5.5
472471.4205068179	291648.10321233014	5.5
472476.4205068179	291648.10321233014	5.5
472481.4205068179	291648.10321233014	5.5
472486.4205068179	291648.10321233014	5.5
472491.4205068179	291648.10321233014	5.5
472496.4205068179	291648.10321233014	5.5
472501.4205068179	291648.10321233014	5.5
472506.4205068179	291648.10321233014	5.5
472511.4205068179	291648.10321233014	5.5
472516.4205068179	291648.10321233014	5.5
472521.4205068179	291648.10321233014	5.5
472526.4205068179	291648.10321233014	5.5
472531.4205068179	291648.10321233014	5.5
472536.4205068179	291648.10321233014	5.5
472541.4205068179	291648.10321233014	5.5
472546.4205068179	291648.10321233014	5.5
472551.4205068179	291648.10321233014	5.5
472556.4205068179	291648.10321233014	5.5
472561.4205068179	291648.10321233014	5.5
472566.4205068179	291648.10321233014	5.5
472571.4205068179	291648.10321233014	5.5
472576.4205068179	291648.10321233014	5.5
472581.4205068179	291648.10321233014	5.5
472586.4205068179	291648.10321233014	5.5
472591.4205068179	291648.10321233014	5.5
472596.4205068179	291648.10321233014	5.5
472601.4205068179	291648.10321233014	5.5
472606.4205068179	291648.10321233014	5.5
472611.4205068179	291648.10321233014	5.5
472616.4205068179	291648.10321233014	5.5
472621.4205068179	291648.10321233014	5.5
472626.4205068179	291648.10321233014	5.5
472631.4205068179	291648.10321233014	5.5
472636.4205068179	291648.10321233014	5.5
472336.4205068179	291643.10321233014	5.5
472341.4205068179	291643.10321233014	5.5
472346.4205068179	291643.10321233014	5.5
472351.4205068179	291643.10321233014	5.5
472356.4205068179	291643.10321233014	5.5
472361.4205068179	291643.10321233014	5.5
472366.4205068179	291643.10321233014	5.5
472371.4205068179	291643.10321233014	5.5
472376.4205068179	291643.10321233014	5.5
472381.4205068179	291643.10321233014	5.5
472386.4205068179	291643.10321233014	5.5
472391.4205068179	291643.10321233014	5.5
472396.4205068179	291643.10321233014	5.5
472401.4205068179	291643.10321233014	5.5
472406.4205068179	291643.10321233014	5.5
472411.4205068179	291643.10321233014	5.5
472416.4205068179	291643.10321233014	5.5
472421.4205068179	291643.10321233014	5.5
472426.4205068179	291643.10321233014	5.5
472431.4205068179	291643.10321233014	5.5
472436.4205068179	291643.10321233014	5.5
472441.4205068179	291643.10321233014	5.5
472446.4205068179	291643.10321233014	5.5
472451.4205068179	291643.10321233014	5.5
472456.4205068179	291643.10321233014	5.5
472461.4205068179	291643.10321233014	5.5
472466.4205068179	291643.10321233014	5.5
472471.4205068179	291643.10321233014	5.5
472476.4205068179	291643.10321233014	5.5
472481.4205068179	291643.10321233014	5.5
472486.4205068179	291643.10321233014	5.5
472491.4205068179	291643.10321233014	5.5
472496.4205068179	291643.10321233014	5.5
472501.4205068179	291643.10321233014	5.5
472506.4205068179	291643.10321233014	5.5
472511.4205068179	291643.10321233014	5.5
472516.4205068179	291643.10321233014	5.5
472521.4205068179	291643.10321233014	5.5
472526.4205068179	291643.10321233014	5.5
472531.4205068179	291643.10321233014	5.5
472536.4205068179	291643.10321233014	5.5
472541.4205068179	291643.10321233014	5.5
472546.4205068179	291643.10321233014	5.5
472551.4205068179	291643.10321233014	5.5
472556.4205068179	291643.10321233014	5.5
472561.4205068179	291643.10321233014	5.5
472566.4205068179	291643.10321233014	5.5
472571.4205068179	291643.10321233014	5.5
472576.4205068179	291643.10321233014	5.5
472581.4205068179	291643.10321233014	5.5
472586.4205068179	291643.10321233014	5.5
472591.4205068179	291643.10321233014	5.5
472596.4205068179	291643.10321233014	5.5
472601.4205068179	291643.10321233014	5.5
472606.4205068179	291643.10321233014	5.5
472611.4205068179	291643.10321233014	5.5
472616.4205068179	291643.10321233014	5.5
472621.4205068179	291643.10321233014	5.5
472626.4205068179	291643.10321233014	5.5
472631.4205068179	291643.10321233014	5.5
472636.4205068179	291643.10321233014	5.5
472641.4205068179	291643.10321233014	5.5
472331.4205068179	291638.10321233014	5.5
472336.4205068179	291638.10321233014	5.5
472341.4205068179	291638.10321233014	5.5
472346.4205068179	291638.10321233014	5.5
472351.4205068179	291638.10321233014	5.5
472356.4205068179	291638.10321233014	5.5
472361.4205068179	291638.10321233014	5.5
472366.4205068179	291638.10321233014	5.5
472371.4205068179	291638.10321233014	5.5
472376.4205068179	291638.10321233014	5.5
472381.4205068179	291638.10321233014	5.5
472386.4205068179	291638.10321233014	5.5
472391.4205068179	291638.10321233014	5.5
472396.4205068179	291638.10321233014	5.5
472401.4205068179	291638.10321233014	5.5
472406.4205068179	291638.10321233014	5.5
472411.4205068179	291638.10321233014	5.5
472416.4205068179	291638.10321233014	5.5
472421.4205068179	291638.10321233014	5.5
472426.4205068179	291638.10321233014	5.5
472431.4205068179	291638.10321233014	5.5
472436.4205068179	291638.10321233014	5.5
472441.4205068179	291638.10321233014	5.5
472446.4205068179	291638.10321233014	5.5
472451.4205068179	291638.10321233014	5.5
472456.4205068179	291638.10321233014	5.5
472461.4205068179	291638.10321233014	5.5
472466.4205068179	291638.10321233014	5.5
472471.4205068179	291638.10321233014	5.5
472476.4205068179	291638.10321233014	5.5
472481.4205068179	291638.10321233014	5.5
472486.4205068179	291638.10321233014	5.5
472491.4205068179	291638.10321233014	5.5
472496.4205068179	291638.10321233014	5.5
472501.4205068179	291638.10321233014	5.5
472506.4205068179	291638.10321233014	5.5
472511.4205068179	291638.10321233014	5.5
472516.4205068179	291638.10321233014	5.5
472521.4205068179	291638.10321233014	5.5
472526.4205068179	291638.10321233014	5.5
472531.4205068179	291638.10321233014	5.5
472536.4205068179	291638.10321233014	5.5
472541.4205068179	291638.10321233014	5.5
472546.4205068179	291638.10321233014	5.5
472551.4205068179	291638.10321233014	5.5
472556.4205068179	291638.10321233014	5.5
472561.4205068179	291638.10321233014	5.5
472566.4205068179	291638.10321233014	5.5
472571.4205068179	291638.10321233014	5.5
472576.4205068179	291638.10321233014	5.5
472581.4205068179	291638.10321233014	5.5
472586.4205068179	291638.10321233014	5.5
472591.4205068179	291638.10321233014	5.5
472596.4205068179	291638.10321233014	5.5
472601.4205068179	291638.10321233014	5.5
472606.4205068179	291638.10321233014	5.5
472611.4205068179	291638.10321233014	5.5
472616.4205068179	291638.10321233014	5.5
472621.4205068179	291638.10321233014	5.5
472626.4205068179	291638.10321233014	5.5
472631.4205068179	291638.10321233014	5.5
472636.4205068179	291638.10321233014	5.5
472641.4205068179	291638.10321233014	5.5
472646.4205068179	291638.10321233014	5.5
472331.4205068179	291633.10321233014	5.5
472336.4205068179	291633.10321233014	5.5
472341.4205068179	291633.10321233014	5.5
472346.4205068179	291633.10321233014	5.5
472351.4205068179	291633.10321233014	5.5
472356.4205068179	291633.10321233014	5.5
472361.4205068179	291633.10321233014	5.5
472366.4205068179	291633.10321233014	5.5
472371.4205068179	291633.10321233014	5.5
472376.4205068179	291633.10321233014	5.5
472381.4205068179	291633.10321233014	5.5
472386.4205068179	291633.10321233014	5.5
472391.4205068179	291633.10321233014	5.5
472396.4205068179	291633.10321233014	5.5
472401.4205068179	291633.10321233014	5.5
472406.4205068179	291633.10321233014	5.5
472411.4205068179	291633.10321233014	5.5
472416.4205068179	291633.10321233014	5.5
472421.4205068179	291633.10321233014	5.5
472426.4205068179	291633.10321233014	5.5
472431.4205068179	291633.10321233014	5.5
472436.4205068179	291633.10321233014	5.5
472441.4205068179	291633.10321233014	5.5
472446.4205068179	291633.10321233014	5.5
472451.4205068179	291633.10321233014	5.5
472456.4205068179	291633.10321233014	5.5
472461.4205068179	291633.10321233014	5.5
472466.4205068179	291633.10321233014	5.5
472471.4205068179	291633.10321233014	5.5
472476.4205068179	291633.10321233014	5.5
472481.4205068179	291633.10321233014	5.5
472486.4205068179	291633.10321233014	5.5
472491.4205068179	291633.10321233014	5.5
472496.4205068179	291633.10321233014	5.5
472501.4205068179	291633.10321233014	5.5
472506.4205068179	291633.10321233014	5.5
472511.4205068179	291633.10321233014	5.5
472516.4205068179	291633.10321233014	5.5
472521.4205068179	291633.10321233014	5.5
472526.4205068179	291633.10321233014	5.5
472531.4205068179	291633.10321233014	5.5
472536.4205068179	291633.10321233014	5.5
472541.4205068179	291633.10321233014	5.5
472546.4205068179	291633.10321233014	5.5
472551.4205068179	291633.10321233014	5.5
472556.4205068179	291633.10321233014	5.5
472561.4205068179	291633.10321233014	5.5
472566.4205068179	291633.10321233014	5.5
472571.4205068179	291633.10321233014	5.5
472576.4205068179	291633.10321233014	5.5
472581.4205068179	291633.10321233014	5.5
472586.4205068179	291633.10321233014	5.5
472591.4205068179	291633.10321233014	5.5
472596.4205068179	291633.10321233014	5.5
472601.4205068179	291633.10321233014	5.5
472606.4205068179	291633.10321233014	5.5
472611.4205068179	291633.10321233014	5.5
472616.4205068179	291633.10321233014	5.5
472621.4205068179	291633.10321233014	5.5
472626.4205068179	291633.10321233014	5.5
472631.4205068179	291633.10321233014	5.5
472636.4205068179	291633.10321233014	5.5
472641.4205068179	291633.10321233014	5.5
472646.4205068179	291633.10321233014	5.5
472326.4205068179	291628.10321233014	5.5
472331.4205068179	291628.10321233014	5.5
472336.4205068179	291628.10321233014	5.5
472341.4205068179	291628.10321233014	5.5
472346.4205068179	291628.10321233014	5.5
472351.4205068179	291628.10321233014	5.5
472356.4205068179	291628.10321233014	5.5
472361.4205068179	291628.10321233014	5.5
472366.4205068179	291628.10321233014	5.5
472371.4205068179	291628.10321233014	5.5
472376.4205068179	291628.10321233014	5.5
472381.4205068179	291628.10321233014	5.5
472386.4205068179	291628.10321233014	5.5
472391.4205068179	291628.10321233014	5.5
472396.4205068179	291628.10321233014	5.5
472401.4205068179	291628.10321233014	5.5
472406.4205068179	291628.10321233014	5.5
472411.4205068179	291628.10321233014	5.5
472416.4205068179	291628.10321233014	5.5
472421.4205068179	291628.10321233014	5.5
472426.4205068179	291628.10321233014	5.5
472431.4205068179	291628.10321233014	5.5
472436.4205068179	291628.10321233014	5.5
472441.4205068179	291628.10321233014	5.5
472446.4205068179	291628.10321233014	5.5
472451.4205068179	291628.10321233014	5.5
472456.4205068179	291628.10321233014	5.5
472461.4205068179	291628.10321233014	5.5
472466.4205068179	291628.10321233014	5.5
472471.4205068179	291628.10321233014	5.5
472476.4205068179	291628.10321233014	5.5
472481.4205068179	291628.10321233014	5.5
472486.4205068179	291628.10321233014	5.5
472491.4205068179	291628.10321233014	5.5
472496.4205068179	291628.10321233014	5.5
472501.4205068179	291628.10321233014	5.5
472506.4205068179	291628.10321233014	5.5
472511.4205068179	291628.10321233014	5.5
472516.4205068179	291628.10321233014	5.5
472521.4205068179	291628.10321233014	5.5
472526.4205068179	291628.10321233014	5.5
472531.4205068179	291628.10321233014	5.5
472536.4205068179	291628.10321233014	5.5
472541.4205068179	291628.10321233014	5.5
472546.4205068179	291628.10321233014	5.5
472551.4205068179	291628.10321233014	5.5
472556.4205068179	291628.10321233014	5.5
472561.4205068179	291628.10321233014	5.5
472566.4205068179	291628.10321233014	5.5
472571.4205068179	291628.10321233014	5.5
472576.4205068179	291628.10321233014	5.5
472581.4205068179	291628.10321233014	5.5
472586.4205068179	291628.10321233014	5.5
472591.4205068179	291628.10321233014	5.5
472596.4205068179	291628.10321233014	5.5
472601.4205068179	291628.10321233014	5.5
472606.4205068179	291628.10321233014	5.5
472611.4205068179	291628.10321233014	5.5
472616.4205068179	291628.10321233014	5.5
472621.4205068179	291628.10321233014	5.5
472626.4205068179	291628.10321233014	5.5
472631.4205068179	291628.10321233014	5.5
472636.4205068179	291628.10321233014	5.5
472641.4205068179	291628.10321233014	5.5
472646.4205068179	291628.10321233014	5.5
472651.4205068179	291628.10321233014	5.5
472326.4205068179	291623.10321233014	5.5
472331.4205068179	291623.10321233014	5.5
472336.4205068179	291623.10321233014	5.5
472341.4205068179	291623.10321233014	5.5
472346.4205068179	291623.10321233014	5.5
472351.4205068179	291623.10321233014	5.5
472356.4205068179	291623.10321233014	5.5
472361.4205068179	291623.10321233014	5.5
472366.4205068179	291623.10321233014	5.5
472371.4205068179	291623.10321233014	5.5
472376.4205068179	291623.10321233014	5.5
472381.4205068179	291623.10321233014	5.5
472386.4205068179	291623.10321233014	5.5
472391.4205068179	291623.10321233014	5.5
472396.4205068179	291623.10321233014	5.5
472401.4205068179	291623.10321233014	5.5
472406.4205068179	291623.10321233014	5.5
472411.4205068179	291623.10321233014	5.5
472416.4205068179	291623.10321233014	5.5
472421.4205068179	291623.10321233014	5.5
472426.4205068179	291623.10321233014	5.5
472431.4205068179	291623.10321233014	5.5
472436.4205068179	291623.10321233014	5.5
472441.4205068179	291623.10321233014	5.5
472446.4205068179	291623.10321233014	5.5
472451.4205068179	291623.10321233014	5.5
472456.4205068179	291623.10321233014	5.5
472461.4205068179	291623.10321233014	5.5
472466.4205068179	291623.10321233014	5.5
472471.4205068179	291623.10321233014	5.5
472476.4205068179	291623.10321233014	5.5
472481.4205068179	291623.10321233014	5.5
472486.4205068179	291623.10321233014	5.5
472491.4205068179	291623.10321233014	5.5
472496.4205068179	291623.10321233014	5.5
472501.4205068179	291623.10321233014	5.5
472506.4205068179	291623.10321233014	5.5
472511.4205068179	291623.10321233014	5.5
472516.4205068179	291623.10321233014	5.5
472521.4205068179	291623.10321233014	5.5
472526.4205068179	291623.10321233014	5.5
472531.4205068179	291623.10321233014	5.5
472536.4205068179	291623.10321233014	5.5
472541.4205068179	291623.10321233014	5.5
472546.4205068179	291623.10321233014	5.5
472551.4205068179	291623.10321233014	5.5
472556.4205068179	291623.10321233014	5.5
472561.4205068179	291623.10321233014	5.5
472566.4205068179	291623.10321233014	5.5
472571.4205068179	291623.10321233014	5.5
472576.4205068179	291623.10321233014	5.5
472581.4205068179	291623.10321233014	5.5
472586.4205068179	291623.10321233014	5.5
472591.4205068179	291623.10321233014	5.5
472596.4205068179	291623.10321233014	5.5
472601.4205068179	291623.10321233014	5.5
472606.4205068179	291623.10321233014	5.5
472611.4205068179	291623.10321233014	5.5
472616.4205068179	291623.10321233014	5.5
472621.4205068179	291623.10321233014	5.5
472626.4205068179	291623.10321233014	5.5
472631.4205068179	291623.10321233014	5.5
472636.4205068179	291623.10321233014	5.5
472641.4205068179	291623.10321233014	5.5
472646.4205068179	291623.10321233014	5.5
472651.4205068179	291623.10321233014	5.5
472326.4205068179	291618.10321233014	5.5
472331.4205068179	291618.10321233014	5.5
472336.4205068179	291618.10321233014	5.5
472341.4205068179	291618.10321233014	5.5
472346.4205068179	291618.10321233014	5.5
472351.4205068179	291618.10321233014	5.5
472356.4205068179	291618.10321233014	5.5
472361.4205068179	291618.10321233014	5.5
472366.4205068179	291618.10321233014	5.5
472371.4205068179	291618.10321233014	5.5
472376.4205068179	291618.10321233014	5.5
472381.4205068179	291618.10321233014	5.5
472386.4205068179	291618.10321233014	5.5
472391.4205068179	291618.10321233014	5.5
472396.4205068179	291618.10321233014	5.5
472401.4205068179	291618.10321233014	5.5
472406.4205068179	291618.10321233014	5.5
472411.4205068179	291618.10321233014	5.5
472416.4205068179	291618.10321233014	5.5
472421.4205068179	291618.10321233014	5.5
472426.4205068179	291618.10321233014	5.5
472431.4205068179	291618.10321233014	5.5
472436.4205068179	291618.10321233014	5.5
472441.4205068179	291618.10321233014	5.5
472446.4205068179	291618.10321233014	5.5
472451.4205068179	291618.10321233014	5.5
472456.4205068179	291618.10321233014	5.5
472461.4205068179	291618.10321233014	5.5
472466.4205068179	291618.10321233014	5.5
472471.4205068179	291618.10321233014	5.5
472476.4205068179	291618.10321233014	5.5
472481.4205068179	291618.10321233014	5.5
472486.4205068179	291618.10321233014	5.5
472491.4205068179	291618.10321233014	5.5
472496.4205068179	291618.10321233014	5.5
472501.4205068179	291618.10321233014	5.5
472506.4205068179	291618.10321233014	5.5
472511.4205068179	291618.10321233014	5.5
472516.4205068179	291618.10321233014	5.5
472521.4205068179	291618.10321233014	5.5
472526.4205068179	291618.10321233014	5.5
472531.4205068179	291618.10321233014	5.5
472536.4205068179	291618.10321233014	5.5
472541.4205068179	291618.10321233014	5.5
472546.4205068179	291618.10321233014	5.5
472551.4205068179	291618.10321233014	5.5
472556.4205068179	291618.10321233014	5.5
472561.4205068179	291618.10321233014	5.5
472566.4205068179	291618.10321233014	5.5
472571.4205068179	291618.10321233014	5.5
472576.4205068179	291618.10321233014	5.5
472581.4205068179	291618.10321233014	5.5
472586.4205068179	291618.10321233014	5.5
472591.4205068179	291618.10321233014	5.5
472596.4205068179	291618.10321233014	5.5
472601.4205068179	291618.10321233014	5.5
472606.4205068179	291618.10321233014	5.5
472611.4205068179	291618.10321233014	5.5
472616.4205068179	291618.10321233014	5.5
472621.4205068179	291618.10321233014	5.5
472626.4205068179	291618.10321233014	5.5
472631.4205068179	291618.10321233014	5.5
472636.4205068179	291618.10321233014	5.5
472641.4205068179	291618.10321233014	5.5
472646.4205068179	291618.10321233014	5.5
472651.4205068179	291618.10321233014	5.5
472656.4205068179	291618.10321233014	5.5
472326.4205068179	291613.10321233014	5.5
472331.4205068179	291613.10321233014	5.5
472336.4205068179	291613.10321233014	5.5
472341.4205068179	291613.10321233014	5.5
472346.4205068179	291613.10321233014	5.5
472351.4205068179	291613.10321233014	5.5
472356.4205068179	291613.10321233014	5.5
472361.4205068179	291613.10321233014	5.5
472366.4205068179	291613.10321233014	5.5
472371.4205068179	291613.10321233014	5.5
472376.4205068179	291613.10321233014	5.5
472381.4205068179	291613.10321233014	5.5
472386.4205068179	291613.10321233014	5.5
472391.4205068179	291613.10321233014	5.5
472396.4205068179	291613.10321233014	5.5
472401.4205068179	291613.10321233014	5.5
472406.4205068179	291613.10321233014	5.5
472411.4205068179	291613.10321233014	5.5
472416.4205068179	291613.10321233014	5.5
472421.4205068179	291613.10321233014	5.5
472426.4205068179	291613.10321233014	5.5
472431.4205068179	291613.10321233014	5.5
472436.4205068179	291613.10321233014	5.5
472441.4205068179	291613.10321233014	5.5
472446.4205068179	291613.10321233014	5.5
472451.4205068179	291613.10321233014	5.5
472456.4205068179	291613.10321233014	5.5
472461.4205068179	291613.10321233014	5.5
472466.4205068179	291613.10321233014	5.5
472471.4205068179	291613.10321233014	5.5
472476.4205068179	291613.10321233014	5.5
472481.4205068179	291613.10321233014	5.5
472486.4205068179	291613.10321233014	5.5
472491.4205068179	291613.10321233014	5.5
472496.4205068179	291613.10321233014	5.5
472501.4205068179	291613.10321233014	5.5
472506.4205068179	291613.10321233014	5.5
472511.4205068179	291613.10321233014	5.5
472516.4205068179	291613.10321233014	5.5
472521.4205068179	291613.10321233014	5.5
472526.4205068179	291613.10321233014	5.5
472531.4205068179	291613.10321233014	5.5
472536.4205068179	291613.10321233014	5.5
472541.4205068179	291613.10321233014	5.5
472546.4205068179	291613.10321233014	5.5
472551.4205068179	291613.10321233014	5.5
472556.4205068179	291613.10321233014	5.5
472561.4205068179	291613.10321233014	5.5
472566.4205068179	291613.10321233014	5.5
472571.4205068179	291613.10321233014	5.5
472576.4205068179	291613.10321233014	5.5
472581.4205068179	291613.10321233014	5.5
472586.4205068179	291613.10321233014	5.5
472591.4205068179	291613.10321233014	5.5
472596.4205068179	291613.10321233014	5.5
472601.4205068179	291613.10321233014	5.5
472606.4205068179	291613.10321233014	5.5
472611.4205068179	291613.10321233014	5.5
472616.4205068179	291613.10321233014	5.5
472621.4205068179	291613.10321233014	5.5
472626.4205068179	291613.10321233014	5.5
472631.4205068179	291613.10321233014	5.5
472636.4205068179	291613.10321233014	5.5
472641.4205068179	291613.10321233014	5.5
472646.4205068179	291613.10321233014	5.5
472651.4205068179	291613.10321233014	5.5
472656.4205068179	291613.10321233014	5.5
472326.4205068179	291608.10321233014	5.5
472331.4205068179	291608.10321233014	5.5
472336.4205068179	291608.10321233014	5.5
472341.4205068179	291608.10321233014	5.5
472346.4205068179	291608.10321233014	5.5
472351.4205068179	291608.10321233014	5.5
472356.4205068179	291608.10321233014	5.5
472361.4205068179	291608.10321233014	5.5
472366.4205068179	291608.10321233014	5.5
472371.4205068179	291608.10321233014	5.5
472376.4205068179	291608.10321233014	5.5
472381.4205068179	291608.10321233014	5.5
472386.4205068179	291608.10321233014	5.5
472391.4205068179	291608.10321233014	5.5
472396.4205068179	291608.10321233014	5.5
472401.4205068179	291608.10321233014	5.5
472406.4205068179	291608.10321233014	5.5
472411.4205068179	291608.10321233014	5.5
472416.4205068179	291608.10321233014	5.5
472421.4205068179	291608.10321233014	5.5
472426.4205068179	291608.10321233014	5.5
472431.4205068179	291608.10321233014	5.5
472436.4205068179	291608.10321233014	5.5
472441.4205068179	291608.10321233014	5.5
472446.4205068179	291608.10321233014	5.5
472451.4205068179	291608.10321233014	5.5
472456.4205068179	291608.10321233014	5.5
472461.4205068179	291608.10321233014	5.5
472466.4205068179	291608.10321233014	5.5
472471.4205068179	291608.10321233014	5.5
472476.4205068179	291608.10321233014	5.5
472481.4205068179	291608.10321233014	5.5
472486.4205068179	291608.10321233014	5.5
472491.4205068179	291608.10321233014	5.5
472496.4205068179	291608.10321233014	5.5
472501.4205068179	291608.10321233014	5.5
472506.4205068179	291608.10321233014	5.5
472511.4205068179	291608.10321233014	5.5
472516.4205068179	291608.10321233014	5.5
472521.4205068179	291608.10321233014	5.5
472526.4205068179	291608.10321233014	5.5
472531.4205068179	291608.10321233014	5.5
472536.4205068179	291608.10321233014	5.5
472541.4205068179	291608.10321233014	5.5
472546.4205068179	291608.10321233014	5.5
472551.4205068179	291608.10321233014	5.5
472556.4205068179	291608.10321233014	5.5
472561.4205068179	291608.10321233014	5.5
472566.4205068179	291608.10321233014	5.5
472571.4205068179	291608.10321233014	5.5
472576.4205068179	291608.10321233014	5.5
472581.4205068179	291608.10321233014	5.5
472586.4205068179	291608.10321233014	5.5
472591.4205068179	291608.10321233014	5.5
472596.4205068179	291608.10321233014	5.5
472601.4205068179	291608.10321233014	5.5
472606.4205068179	291608.10321233014	5.5
472611.4205068179	291608.10321233014	5.5
472616.4205068179	291608.10321233014	5.5
472621.4205068179	291608.10321233014	5.5
472626.4205068179	291608.10321233014	5.5
472631.4205068179	291608.10321233014	5.5
472636.4205068179	291608.10321233014	5.5
472641.4205068179	291608.10321233014	5.5
472646.4205068179	291608.10321233014	5.5
472651.4205068179	291608.10321233014	5.5
472656.4205068179	291608.10321233014	5.5
472661.4205068179	291608.10321233014	5.5
472666.4205068179	291608.10321233014	5.5
472671.4205068179	291608.10321233014	5.5
472326.4205068179	291603.10321233014	5.5
472331.4205068179	291603.10321233014	5.5
472336.4205068179	291603.10321233014	5.5
472341.4205068179	291603.10321233014	5.5
472346.4205068179	291603.10321233014	5.5
472351.4205068179	291603.10321233014	5.5
472356.4205068179	291603.10321233014	5.5
472361.4205068179	291603.10321233014	5.5
472366.4205068179	291603.10321233014	5.5
472371.4205068179	291603.10321233014	5.5
472376.4205068179	291603.10321233014	5.5
472381.4205068179	291603.10321233014	5.5
472386.4205068179	291603.10321233014	5.5
472391.4205068179	291603.10321233014	5.5
472396.4205068179	291603.10321233014	5.5
472401.4205068179	291603.10321233014	5.5
472406.4205068179	291603.10321233014	5.5
472411.4205068179	291603.10321233014	5.5
472416.4205068179	291603.10321233014	5.5
472421.4205068179	291603.10321233014	5.5
472426.4205068179	291603.10321233014	5.5
472431.4205068179	291603.10321233014	5.5
472436.4205068179	291603.10321233014	5.5
472441.4205068179	291603.10321233014	5.5
472446.4205068179	291603.10321233014	5.5
472451.4205068179	291603.10321233014	5.5
472456.4205068179	291603.10321233014	5.5
472461.4205068179	291603.10321233014	5.5
472466.4205068179	291603.10321233014	5.5
472471.4205068179	291603.10321233014	5.5
472476.4205068179	291603.10321233014	5.5
472481.4205068179	291603.10321233014	5.5
472486.4205068179	291603.10321233014	5.5
472491.4205068179	291603.10321233014	5.5
472496.4205068179	291603.10321233014	5.5
472501.4205068179	291603.10321233014	5.5
472506.4205068179	291603.10321233014	5.5
472511.4205068179	291603.10321233014	5.5
472516.4205068179	291603.10321233014	5.5
472521.4205068179	291603.10321233014	5.5
472526.4205068179	291603.10321233014	5.5
472531.4205068179	291603.10321233014	5.5
472536.4205068179	291603.10321233014	5.5
472541.4205068179	291603.10321233014	5.5
472546.4205068179	291603.10321233014	5.5
472551.4205068179	291603.10321233014	5.5
472556.4205068179	291603.10321233014	5.5
472561.4205068179	291603.10321233014	5.5
472566.4205068179	291603.10321233014	5.5
472571.4205068179	291603.10321233014	5.5
472576.4205068179	291603.10321233014	5.5
472581.4205068179	291603.10321233014	5.5
472586.4205068179	291603.10321233014	5.5
472591.4205068179	291603.10321233014	5.5
472596.4205068179	291603.10321233014	5.5
472601.4205068179	291603.10321233014	5.5
472606.4205068179	291603.10321233014	5.5
472611.4205068179	291603.10321233014	5.5
472616.4205068179	291603.10321233014	5.5
472621.4205068179	291603.10321233014	5.5
472626.4205068179	291603.10321233014	5.5
472631.4205068179	291603.10321233014	5.5
472636.4205068179	291603.10321233014	5.5
472641.4205068179	291603.10321233014	5.5
472646.4205068179	291603.10321233014	5.5
472651.4205068179	291603.10321233014	5.5
472656.4205068179	291603.10321233014	5.5
472661.4205068179	291603.10321233014	5.5
472666.4205068179	291603.10321233014	5.5
472671.4205068179	291603.10321233014	5.5
472676.4205068179	291603.10321233014	5.5
472681.4205068179	291603.10321233014	5.5
472686.4205068179	291603.10321233014	5.5
472326.4205068179	291598.10321233014	5.5
472331.4205068179	291598.10321233014	5.5
472336.4205068179	291598.10321233014	5.5
472341.4205068179	291598.10321233014	5.5
472346.4205068179	291598.10321233014	5.5
472351.4205068179	291598.10321233014	5.5
472356.4205068179	291598.10321233014	5.5
472361.4205068179	291598.10321233014	5.5
472366.4205068179	291598.10321233014	5.5
472371.4205068179	291598.10321233014	5.5
472376.4205068179	291598.10321233014	5.5
472381.4205068179	291598.10321233014	5.5
472386.4205068179	291598.10321233014	5.5
472391.4205068179	291598.10321233014	5.5
472396.4205068179	291598.10321233014	5.5
472401.4205068179	291598.10321233014	5.5
472406.4205068179	291598.10321233014	5.5
472411.4205068179	291598.10321233014	5.5
472416.4205068179	291598.10321233014	5.5
472421.4205068179	291598.10321233014	5.5
472426.4205068179	291598.10321233014	5.5
472431.4205068179	291598.10321233014	5.5
472436.4205068179	291598.10321233014	5.5
472441.4205068179	291598.10321233014	5.5
472446.4205068179	291598.10321233014	5.5
472451.4205068179	291598.10321233014	5.5
472456.4205068179	291598.10321233014	5.5
472461.4205068179	291598.10321233014	5.5
472466.4205068179	291598.10321233014	5.5
472471.4205068179	291598.10321233014	5.5
472476.4205068179	291598.10321233014	5.5
472481.4205068179	291598.10321233014	5.5
472486.4205068179	291598.10321233014	5.5
472491.4205068179	291598.10321233014	5.5
472496.4205068179	291598.10321233014	5.5
472501.4205068179	291598.10321233014	5.5
472506.4205068179	291598.10321233014	5.5
472511.4205068179	291598.10321233014	5.5
472516.4205068179	291598.10321233014	5.5
472521.4205068179	291598.10321233014	5.5
472526.4205068179	291598.10321233014	5.5
472531.4205068179	291598.10321233014	5.5
472536.4205068179	291598.10321233014	5.5
472541.4205068179	291598.10321233014	5.5
472546.4205068179	291598.10321233014	5.5
472551.4205068179	291598.10321233014	5.5
472556.4205068179	291598.10321233014	5.5
472561.4205068179	291598.10321233014	5.5
472566.4205068179	291598.10321233014	5.5
472571.4205068179	291598.10321233014	5.5
472576.4205068179	291598.10321233014	5.5
472581.4205068179	291598.10321233014	5.5
472586.4205068179	291598.10321233014	5.5
472591.4205068179	291598.10321233014	5.5
472596.4205068179	291598.10321233014	5.5
472601.4205068179	291598.10321233014	5.5
472606.4205068179	291598.10321233014	5.5
472611.4205068179	291598.10321233014	5.5
472616.4205068179	291598.10321233014	5.5
472621.4205068179	291598.10321233014	5.5
472626.4205068179	291598.10321233014	5.5
472631.4205068179	291598.10321233014	5.5
472636.4205068179	291598.10321233014	5.5
472641.4205068179	291598.10321233014	5.5
472646.4205068179	291598.10321233014	5.5
472651.4205068179	291598.10321233014	5.5
472656.4205068179	291598.10321233014	5.5
472661.4205068179	291598.10321233014	5.5
472666.4205068179	291598.10321233014	5.5
472671.4205068179	291598.10321233014	5.5
472676.4205068179	291598.10321233014	5.5
472681.4205068179	291598.10321233014	5.5
472686.4205068179	291598.10321233014	5.5
472691.4205068179	291598.10321233014	5.5
472696.4205068179	291598.10321233014	5.5
472331.4205068179	291593.10321233014	5.5
472336.4205068179	291593.10321233014	5.5
472341.4205068179	291593.10321233014	5.5
472346.4205068179	291593.10321233014	5.5
472351.4205068179	291593.10321233014	5.5
472356.4205068179	291593.10321233014	5.5
472361.4205068179	291593.10321233014	5.5
472366.4205068179	291593.10321233014	5.5
472371.4205068179	291593.10321233014	5.5
472376.4205068179	291593.10321233014	5.5
472381.4205068179	291593.10321233014	5.5
472386.4205068179	291593.10321233014	5.5
472391.4205068179	291593.10321233014	5.5
472396.4205068179	291593.10321233014	5.5
472401.4205068179	291593.10321233014	5.5
472406.4205068179	291593.10321233014	5.5
472411.4205068179	291593.10321233014	5.5
472416.4205068179	291593.10321233014	5.5
472421.4205068179	291593.10321233014	5.5
472426.4205068179	291593.10321233014	5.5
472431.4205068179	291593.10321233014	5.5
472436.4205068179	291593.10321233014	5.5
472441.4205068179	291593.10321233014	5.5
472446.4205068179	291593.10321233014	5.5
472451.4205068179	291593.10321233014	5.5
472456.4205068179	291593.10321233014	5.5
472461.4205068179	291593.10321233014	5.5
472466.4205068179	291593.10321233014	5.5
472471.4205068179	291593.10321233014	5.5
472476.4205068179	291593.10321233014	5.5
472481.4205068179	291593.10321233014	5.5
472486.4205068179	291593.10321233014	5.5
472491.4205068179	291593.10321233014	5.5
472496.4205068179	291593.10321233014	5.5
472501.4205068179	291593.10321233014	5.5
472506.4205068179	291593.10321233014	5.5
472511.4205068179	291593.10321233014	5.5
472516.4205068179	291593.10321233014	5.5
472521.4205068179	291593.10321233014	5.5
472526.4205068179	291593.10321233014	5.5
472531.4205068179	291593.10321233014	5.5
472536.4205068179	291593.10321233014	5.5
472541.4205068179	291593.10321233014	5.5
472546.4205068179	291593.10321233014	5.5
472551.4205068179	291593.10321233014	5.5
472556.4205068179	291593.10321233014	5.5
472561.4205068179	291593.10321233014	5.5
472566.4205068179	291593.10321233014	5.5
472571.4205068179	291593.10321233014	5.5
472576.4205068179	291593.10321233014	5.5
472581.4205068179	291593.10321233014	5.5
472586.4205068179	291593.10321233014	5.5
472591.4205068179	291593.10321233014	5.5
472596.4205068179	291593.10321233014	5.5
472601.4205068179	291593.10321233014	5.5
472606.4205068179	291593.10321233014	5.5
472611.4205068179	291593.10321233014	5.5
472616.4205068179	291593.10321233014	5.5
472621.4205068179	291593.10321233014	5.5
472626.4205068179	291593.10321233014	5.5
472631.4205068179	291593.10321233014	5.5
472636.4205068179	291593.10321233014	5.5
472641.4205068179	291593.10321233014	5.5
472646.4205068179	291593.10321233014	5.5
472651.4205068179	291593.10321233014	5.5
472656.4205068179	291593.10321233014	5.5
472661.4205068179	291593.10321233014	5.5
472666.4205068179	291593.10321233014	5.5
472671.4205068179	291593.10321233014	5.5
472676.4205068179	291593.10321233014	5.5
472681.4205068179	291593.10321233014	5.5
472686.4205068179	291593.10321233014	5.5
472691.4205068179	291593.10321233014	5.5
472696.4205068179	291593.10321233014	5.5
472701.4205068179	291593.10321233014	5.5
472706.4205068179	291593.10321233014	5.5
472711.4205068179	291593.10321233014	5.5
472331.4205068179	291588.10321233014	5.5
472336.4205068179	291588.10321233014	5.5
472341.4205068179	291588.10321233014	5.5
472346.4205068179	291588.10321233014	5.5
472351.4205068179	291588.10321233014	5.5
472356.4205068179	291588.10321233014	5.5
472361.4205068179	291588.10321233014	5.5
472366.4205068179	291588.10321233014	5.5
472371.4205068179	291588.10321233014	5.5
472376.4205068179	291588.10321233014	5.5
472381.4205068179	291588.10321233014	5.5
472386.4205068179	291588.10321233014	5.5
472391.4205068179	291588.10321233014	5.5
472396.4205068179	291588.10321233014	5.5
472401.4205068179	291588.10321233014	5.5
472406.4205068179	291588.10321233014	5.5
472411.4205068179	291588.10321233014	5.5
472416.4205068179	291588.10321233014	5.5
472421.4205068179	291588.10321233014	5.5
472426.4205068179	291588.10321233014	5.5
472431.4205068179	291588.10321233014	5.5
472436.4205068179	291588.10321233014	5.5
472441.4205068179	291588.10321233014	5.5
472446.4205068179	291588.10321233014	5.5
472451.4205068179	291588.10321233014	5.5
472456.4205068179	291588.10321233014	5.5
472461.4205068179	291588.10321233014	5.5
472466.4205068179	291588.10321233014	5.5
472471.4205068179	291588.10321233014	5.5
472476.4205068179	291588.10321233014	5.5
472481.4205068179	291588.10321233014	5.5
472486.4205068179	291588.10321233014	5.5
472491.4205068179	291588.10321233014	5.5
472496.4205068179	291588.10321233014	5.5
472501.4205068179	291588.10321233014	5.5
472506.4205068179	291588.10321233014	5.5
472511.4205068179	291588.10321233014	5.5
472516.4205068179	291588.10321233014	5.5
472521.4205068179	291588.10321233014	5.5
472526.4205068179	291588.10321233014	5.5
472531.4205068179	291588.10321233014	5.5
472536.4205068179	291588.10321233014	5.5
472541.4205068179	291588.10321233014	5.5
472546.4205068179	291588.10321233014	5.5
472551.4205068179	291588.10321233014	5.5
472556.4205068179	291588.10321233014	5.5
472561.4205068179	291588.10321233014	5.5
472566.4205068179	291588.10321233014	5.5
472571.4205068179	291588.10321233014	5.5
472576.4205068179	291588.10321233014	5.5
472581.4205068179	291588.10321233014	5.5
472586.4205068179	291588.10321233014	5.5
472591.4205068179	291588.10321233014	5.5
472596.4205068179	291588.10321233014	5.5
472601.4205068179	291588.10321233014	5.5
472606.4205068179	291588.10321233014	5.5
472611.4205068179	291588.10321233014	5.5
472616.4205068179	291588.10321233014	5.5
472621.4205068179	291588.10321233014	5.5
472626.4205068179	291588.10321233014	5.5
472631.4205068179	291588.10321233014	5.5
472636.4205068179	291588.10321233014	5.5
472641.4205068179	291588.10321233014	5.5
472646.4205068179	291588.10321233014	5.5
472651.4205068179	291588.10321233014	5.5
472656.4205068179	291588.10321233014	5.5
472661.4205068179	291588.10321233014	5.5
472666.4205068179	291588.10321233014	5.5
472671.4205068179	291588.10321233014	5.5
472676.4205068179	291588.10321233014	5.5
472681.4205068179	291588.10321233014	5.5
472686.4205068179	291588.10321233014	5.5
472691.4205068179	291588.10321233014	5.5
472696.4205068179	291588.10321233014	5.5
472701.4205068179	291588.10321233014	5.5
472706.4205068179	291588.10321233014	5.5
472711.4205068179	291588.10321233014	5.5
472716.4205068179	291588.10321233014	5.5
472721.4205068179	291588.10321233014	5.5
472331.4205068179	291583.10321233014	5.5
472336.4205068179	291583.10321233014	5.5
472341.4205068179	291583.10321233014	5.5
472346.4205068179	291583.10321233014	5.5
472351.4205068179	291583.10321233014	5.5
472356.4205068179	291583.10321233014	5.5
472361.4205068179	291583.10321233014	5.5
472366.4205068179	291583.10321233014	5.5
472371.4205068179	291583.10321233014	5.5
472376.4205068179	291583.10321233014	5.5
472381.4205068179	291583.10321233014	5.5
472386.4205068179	291583.10321233014	5.5
472391.4205068179	291583.10321233014	5.5
472396.4205068179	291583.10321233014	5.5
472401.4205068179	291583.10321233014	5.5
472406.4205068179	291583.10321233014	5.5
472411.4205068179	291583.10321233014	5.5
472416.4205068179	291583.10321233014	5.5
472421.4205068179	291583.10321233014	5.5
472426.4205068179	291583.10321233014	5.5
472431.4205068179	291583.10321233014	5.5
472436.4205068179	291583.10321233014	5.5
472441.4205068179	291583.10321233014	5.5
472446.4205068179	291583.10321233014	5.5
472451.4205068179	291583.10321233014	5.5
472456.4205068179	291583.10321233014	5.5
472461.4205068179	291583.10321233014	5.5
472466.4205068179	291583.10321233014	5.5
472471.4205068179	291583.10321233014	5.5
472476.4205068179	291583.10321233014	5.5
472481.4205068179	291583.10321233014	5.5
472486.4205068179	291583.10321233014	5.5
472491.4205068179	291583.10321233014	5.5
472496.4205068179	291583.10321233014	5.5
472501.4205068179	291583.10321233014	5.5
472506.4205068179	291583.10321233014	5.5
472511.4205068179	291583.10321233014	5.5
472516.4205068179	291583.10321233014	5.5
472521.4205068179	291583.10321233014	5.5
472526.4205068179	291583.10321233014	5.5
472531.4205068179	291583.10321233014	5.5
472536.4205068179	291583.10321233014	5.5
472541.4205068179	291583.10321233014	5.5
472546.4205068179	291583.10321233014	5.5
472551.4205068179	291583.10321233014	5.5
472556.4205068179	291583.10321233014	5.5
472561.4205068179	291583.10321233014	5.5
472566.4205068179	291583.10321233014	5.5
472571.4205068179	291583.10321233014	5.5
472576.4205068179	291583.10321233014	5.5
472581.4205068179	291583.10321233014	5.5
472586.4205068179	291583.10321233014	5.5
472591.4205068179	291583.10321233014	5.5
472596.4205068179	291583.10321233014	5.5
472601.4205068179	291583.10321233014	5.5
472606.4205068179	291583.10321233014	5.5
472611.4205068179	291583.10321233014	5.5
472616.4205068179	291583.10321233014	5.5
472621.4205068179	291583.10321233014	5.5
472626.4205068179	291583.10321233014	5.5
472631.4205068179	291583.10321233014	5.5
472636.4205068179	291583.10321233014	5.5
472641.4205068179	291583.10321233014	5.5
472646.4205068179	291583.10321233014	5.5
472651.4205068179	291583.10321233014	5.5
472656.4205068179	291583.10321233014	5.5
472661.4205068179	291583.10321233014	5.5
472666.4205068179	291583.10321233014	5.5
472671.4205068179	291583.10321233014	5.5
472676.4205068179	291583.10321233014	5.5
472681.4205068179	291583.10321233014	5.5
472686.4205068179	291583.10321233014	5.5
472691.4205068179	291583.10321233014	5.5
472696.4205068179	291583.10321233014	5.5
472701.4205068179	291583.10321233014	5.5
472706.4205068179	291583.10321233014	5.5
472711.4205068179	291583.10321233014	5.5
472716.4205068179	291583.10321233014	5.5
472721.4205068179	291583.10321233014	5.5
472726.4205068179	291583.10321233014	5.5
472336.4205068179	291578.10321233014	5.5
472341.4205068179	291578.10321233014	5.5
472346.4205068179	291578.10321233014	5.5
472351.4205068179	291578.10321233014	5.5
472356.4205068179	291578.10321233014	5.5
472361.4205068179	291578.10321233014	5.5
472366.4205068179	291578.10321233014	5.5
472371.4205068179	291578.10321233014	5.5
472376.4205068179	291578.10321233014	5.5
472381.4205068179	291578.10321233014	5.5
472386.4205068179	291578.10321233014	5.5
472391.4205068179	291578.10321233014	5.5
472396.4205068179	291578.10321233014	5.5
472401.4205068179	291578.10321233014	5.5
472406.4205068179	291578.10321233014	5.5
472411.4205068179	291578.10321233014	5.5
472416.4205068179	291578.10321233014	5.5
472421.4205068179	291578.10321233014	5.5
472426.4205068179	291578.10321233014	5.5
472431.4205068179	291578.10321233014	5.5
472436.4205068179	291578.10321233014	5.5
472441.4205068179	291578.10321233014	5.5
472446.4205068179	291578.10321233014	5.5
472451.4205068179	291578.10321233014	5.5
472456.4205068179	291578.10321233014	5.5
472461.4205068179	291578.10321233014	5.5
472466.4205068179	291578.10321233014	5.5
472471.4205068179	291578.10321233014	5.5
472476.4205068179	291578.10321233014	5.5
472481.4205068179	291578.10321233014	5.5
472486.4205068179	291578.10321233014	5.5
472491.4205068179	291578.10321233014	5.5
472496.4205068179	291578.10321233014	5.5
472501.4205068179	291578.10321233014	5.5
472506.4205068179	291578.10321233014	5.5
472511.4205068179	291578.10321233014	5.5
472516.4205068179	291578.10321233014	5.5
472521.4205068179	291578.10321233014	5.5
472526.4205068179	291578.10321233014	5.5
472531.4205068179	291578.10321233014	5.5
472536.4205068179	291578.10321233014	5.5
472541.4205068179	291578.10321233014	5.5
472546.4205068179	291578.10321233014	5.5
472551.4205068179	291578.10321233014	5.5
472556.4205068179	291578.10321233014	5.5
472561.4205068179	291578.10321233014	5.5
472566.4205068179	291578.10321233014	5.5
472571.4205068179	291578.10321233014	5.5
472576.4205068179	291578.10321233014	5.5
472581.4205068179	291578.10321233014	5.5
472586.4205068179	291578.10321233014	5.5
472591.4205068179	291578.10321233014	5.5
472596.4205068179	291578.10321233014	5.5
472601.4205068179	291578.10321233014	5.5
472606.4205068179	291578.10321233014	5.5
472611.4205068179	291578.10321233014	5.5
472616.4205068179	291578.10321233014	5.5
472621.4205068179	291578.10321233014	5.5
472626.4205068179	291578.10321233014	5.5
472631.4205068179	291578.10321233014	5.5
472636.4205068179	291578.10321233014	5.5
472641.4205068179	291578.10321233014	5.5
472646.4205068179	291578.10321233014	5.5
472651.4205068179	291578.10321233014	5.5
472656.4205068179	291578.10321233014	5.5
472661.4205068179	291578.10321233014	5.5
472666.4205068179	291578.10321233014	5.5
472671.4205068179	291578.10321233014	5.5
472676.4205068179	291578.10321233014	5.5
472681.4205068179	291578.10321233014	5.5
472686.4205068179	291578.10321233014	5.5
472691.4205068179	291578.10321233014	5.5
472696.4205068179	291578.10321233014	5.5
472701.4205068179	291578.10321233014	5.5
472706.4205068179	291578.10321233014	5.5
472711.4205068179	291578.10321233014	5.5
472716.4205068179	291578.10321233014	5.5
472721.4205068179	291578.10321233014	5.5
472726.4205068179	291578.10321233014	5.5
472731.4205068179	291578.10321233014	5.5
472336.4205068179	291573.10321233014	5.5
472341.4205068179	291573.10321233014	5.5
472346.4205068179	291573.10321233014	5.5
472351.4205068179	291573.10321233014	5.5
472356.4205068179	291573.10321233014	5.5
472361.4205068179	291573.10321233014	5.5
472366.4205068179	291573.10321233014	5.5
472371.4205068179	291573.10321233014	5.5
472376.4205068179	291573.10321233014	5.5
472381.4205068179	291573.10321233014	5.5
472386.4205068179	291573.10321233014	5.5
472391.4205068179	291573.10321233014	5.5
472396.4205068179	291573.10321233014	5.5
472401.4205068179	291573.10321233014	5.5
472406.4205068179	291573.10321233014	5.5
472411.4205068179	291573.10321233014	5.5
472416.4205068179	291573.10321233014	5.5
472421.4205068179	291573.10321233014	5.5
472426.4205068179	291573.10321233014	5.5
472431.4205068179	291573.10321233014	5.5
472436.4205068179	291573.10321233014	5.5
472441.4205068179	291573.10321233014	5.5
472446.4205068179	291573.10321233014	5.5
472451.4205068179	291573.10321233014	5.5
472456.4205068179	291573.10321233014	5.5
472461.4205068179	291573.10321233014	5.5
472466.4205068179	291573.10321233014	5.5
472471.4205068179	291573.10321233014	5.5
472476.4205068179	291573.10321233014	5.5
472481.4205068179	291573.10321233014	5.5
472486.4205068179	291573.10321233014	5.5
472491.4205068179	291573.10321233014	5.5
472496.4205068179	291573.10321233014	5.5
472501.4205068179	291573.10321233014	5.5
472506.4205068179	291573.10321233014	5.5
472511.4205068179	291573.10321233014	5.5
472516.4205068179	291573.10321233014	5.5
472521.4205068179	291573.10321233014	5.5
472526.4205068179	291573.10321233014	5.5
472531.4205068179	291573.10321233014	5.5
472536.4205068179	291573.10321233014	5.5
472541.4205068179	291573.10321233014	5.5
472546.4205068179	291573.10321233014	5.5
472551.4205068179	291573.10321233014	5.5
472556.4205068179	291573.10321233014	5.5
472561.4205068179	291573.10321233014	5.5
472566.4205068179	291573.10321233014	5.5
472571.4205068179	291573.10321233014	5.5
472576.4205068179	291573.10321233014	5.5
472581.4205068179	291573.10321233014	5.5
472586.4205068179	291573.10321233014	5.5
472591.4205068179	291573.10321233014	5.5
472596.4205068179	291573.10321233014	5.5
472601.4205068179	291573.10321233014	5.5
472606.4205068179	291573.10321233014	5.5
472611.4205068179	291573.10321233014	5.5
472616.4205068179	291573.10321233014	5.5
472621.4205068179	291573.10321233014	5.5
472626.4205068179	291573.10321233014	5.5
472631.4205068179	291573.10321233014	5.5
472636.4205068179	291573.10321233014	5.5
472641.4205068179	291573.10321233014	5.5
472646.4205068179	291573.10321233014	5.5
472651.4205068179	291573.10321233014	5.5
472656.4205068179	291573.10321233014	5.5
472661.4205068179	291573.10321233014	5.5
472666.4205068179	291573.10321233014	5.5
472671.4205068179	291573.10321233014	5.5
472676.4205068179	291573.10321233014	5.5
472681.4205068179	291573.10321233014	5.5
472686.4205068179	291573.10321233014	5.5
472691.4205068179	291573.10321233014	5.5
472696.4205068179	291573.10321233014	5.5
472701.4205068179	291573.10321233014	5.5
472706.4205068179	291573.10321233014	5.5
472711.4205068179	291573.10321233014	5.5
472716.4205068179	291573.10321233014	5.5
472721.4205068179	291573.10321233014	5.5
472726.4205068179	291573.10321233014	5.5
472731.4205068179	291573.10321233014	5.5
472736.4205068179	291573.10321233014	5.5
472741.4205068179	291573.10321233014	5.5
472336.4205068179	291568.10321233014	5.5
472341.4205068179	291568.10321233014	5.5
472346.4205068179	291568.10321233014	5.5
472351.4205068179	291568.10321233014	5.5
472356.4205068179	291568.10321233014	5.5
472361.4205068179	291568.10321233014	5.5
472366.4205068179	291568.10321233014	5.5
472371.4205068179	291568.10321233014	5.5
472376.4205068179	291568.10321233014	5.5
472381.4205068179	291568.10321233014	5.5
472386.4205068179	291568.10321233014	5.5
472391.4205068179	291568.10321233014	5.5
472396.4205068179	291568.10321233014	5.5
472401.4205068179	291568.10321233014	5.5
472406.4205068179	291568.10321233014	5.5
472411.4205068179	291568.10321233014	5.5
472416.4205068179	291568.10321233014	5.5
472421.4205068179	291568.10321233014	5.5
472426.4205068179	291568.10321233014	5.5
472431.4205068179	291568.10321233014	5.5
472436.4205068179	291568.10321233014	5.5
472441.4205068179	291568.10321233014	5.5
472446.4205068179	291568.10321233014	5.5
472451.4205068179	291568.10321233014	5.5
472456.4205068179	291568.10321233014	5.5
472461.4205068179	291568.10321233014	5.5
472466.4205068179	291568.10321233014	5.5
472471.4205068179	291568.10321233014	5.5
472476.4205068179	291568.10321233014	5.5
472481.4205068179	291568.10321233014	5.5
472486.4205068179	291568.10321233014	5.5
472491.4205068179	291568.10321233014	5.5
472496.4205068179	291568.10321233014	5.5
472501.4205068179	291568.10321233014	5.5
472506.4205068179	291568.10321233014	5.5
472511.4205068179	291568.10321233014	5.5
472516.4205068179	291568.10321233014	5.5
472521.4205068179	291568.10321233014	5.5
472526.4205068179	291568.10321233014	5.5
472531.4205068179	291568.10321233014	5.5
472536.4205068179	291568.10321233014	5.5
472541.4205068179	291568.10321233014	5.5
472546.4205068179	291568.10321233014	5.5
472551.4205068179	291568.10321233014	5.5
472556.4205068179	291568.10321233014	5.5
472561.4205068179	291568.10321233014	5.5
472566.4205068179	291568.10321233014	5.5
472571.4205068179	291568.10321233014	5.5
472576.4205068179	291568.10321233014	5.5
472581.4205068179	291568.10321233014	5.5
472586.4205068179	291568.10321233014	5.5
472591.4205068179	291568.10321233014	5.5
472596.4205068179	291568.10321233014	5.5
472601.4205068179	291568.10321233014	5.5
472606.4205068179	291568.10321233014	5.5
472611.4205068179	291568.10321233014	5.5
472616.4205068179	291568.10321233014	5.5
472621.4205068179	291568.10321233014	5.5
472626.4205068179	291568.10321233014	5.5
472631.4205068179	291568.10321233014	5.5
472636.4205068179	291568.10321233014	5.5
472641.4205068179	291568.10321233014	5.5
472646.4205068179	291568.10321233014	5.5
472651.4205068179	291568.10321233014	5.5
472656.4205068179	291568.10321233014	5.5
472661.4205068179	291568.10321233014	5.5
472666.4205068179	291568.10321233014	5.5
472671.4205068179	291568.10321233014	5.5
472676.4205068179	291568.10321233014	5.5
472681.4205068179	291568.10321233014	5.5
472686.4205068179	291568.10321233014	5.5
472691.4205068179	291568.10321233014	5.5
472696.4205068179	291568.10321233014	5.5
472701.4205068179	291568.10321233014	5.5
472706.4205068179	291568.10321233014	5.5
472711.4205068179	291568.10321233014	5.5
472716.4205068179	291568.10321233014	5.5
472721.4205068179	291568.10321233014	5.5
472726.4205068179	291568.10321233014	5.5
472731.4205068179	291568.10321233014	5.5
472736.4205068179	291568.10321233014	5.5
472741.4205068179	291568.10321233014	5.5
472746.4205068179	291568.10321233014	5.5
472751.4205068179	291568.10321233014	5.5
472756.4205068179	291568.10321233014	5.5
472341.4205068179	291563.10321233014	5.5
472346.4205068179	291563.10321233014	5.5
472351.4205068179	291563.10321233014	5.5
472356.4205068179	291563.10321233014	5.5
472361.4205068179	291563.10321233014	5.5
472366.4205068179	291563.10321233014	5.5
472371.4205068179	291563.10321233014	5.5
472376.4205068179	291563.10321233014	5.5
472381.4205068179	291563.10321233014	5.5
472386.4205068179	291563.10321233014	5.5
472391.4205068179	291563.10321233014	5.5
472396.4205068179	291563.10321233014	5.5
472401.4205068179	291563.10321233014	5.5
472406.4205068179	291563.10321233014	5.5
472411.4205068179	291563.10321233014	5.5
472416.4205068179	291563.10321233014	5.5
472421.4205068179	291563.10321233014	5.5
472426.4205068179	291563.10321233014	5.5
472431.4205068179	291563.10321233014	5.5
472436.4205068179	291563.10321233014	5.5
472441.4205068179	291563.10321233014	5.5
472446.4205068179	291563.10321233014	5.5
472451.4205068179	291563.10321233014	5.5
472456.4205068179	291563.10321233014	5.5
472461.4205068179	291563.10321233014	5.5
472466.4205068179	291563.10321233014	5.5
472471.4205068179	291563.10321233014	5.5
472476.4205068179	291563.10321233014	5.5
472481.4205068179	291563.10321233014	5.5
472486.4205068179	291563.10321233014	5.5
472491.4205068179	291563.10321233014	5.5
472496.4205068179	291563.10321233014	5.5
472501.4205068179	291563.10321233014	5.5
472506.4205068179	291563.10321233014	5.5
472511.4205068179	291563.10321233014	5.5
472516.4205068179	291563.10321233014	5.5
472521.4205068179	291563.10321233014	5.5
472526.4205068179	291563.10321233014	5.5
472531.4205068179	291563.10321233014	5.5
472536.4205068179	291563.10321233014	5.5
472541.4205068179	291563.10321233014	5.5
472546.4205068179	291563.10321233014	5.5
472551.4205068179	291563.10321233014	5.5
472556.4205068179	291563.10321233014	5.5
472561.4205068179	291563.10321233014	5.5
472566.4205068179	291563.10321233014	5.5
472571.4205068179	291563.10321233014	5.5
472576.4205068179	291563.10321233014	5.5
472581.4205068179	291563.10321233014	5.5
472586.4205068179	291563.10321233014	5.5
472591.4205068179	291563.10321233014	5.5
472596.4205068179	291563.10321233014	5.5
472601.4205068179	291563.10321233014	5.5
472606.4205068179	291563.10321233014	5.5
472611.4205068179	291563.10321233014	5.5
472616.4205068179	291563.10321233014	5.5
472621.4205068179	291563.10321233014	5.5
472626.4205068179	291563.10321233014	5.5
472631.4205068179	291563.10321233014	5.5
472636.4205068179	291563.10321233014	5.5
472641.4205068179	291563.10321233014	5.5
472646.4205068179	291563.10321233014	5.5
472651.4205068179	291563.10321233014	5.5
472656.4205068179	291563.10321233014	5.5
472661.4205068179	291563.10321233014	5.5
472666.4205068179	291563.10321233014	5.5
472671.4205068179	291563.10321233014	5.5
472676.4205068179	291563.10321233014	5.5
472681.4205068179	291563.10321233014	5.5
472686.4205068179	291563.10321233014	5.5
472691.4205068179	291563.10321233014	5.5
472696.4205068179	291563.10321233014	5.5
472701.4205068179	291563.10321233014	5.5
472706.4205068179	291563.10321233014	5.5
472711.4205068179	291563.10321233014	5.5
472716.4205068179	291563.10321233014	5.5
472721.4205068179	291563.10321233014	5.5
472726.4205068179	291563.10321233014	5.5
472731.4205068179	291563.10321233014	5.5
472736.4205068179	291563.10321233014	5.5
472741.4205068179	291563.10321233014	5.5
472746.4205068179	291563.10321233014	5.5
472751.4205068179	291563.10321233014	5.5
472756.4205068179	291563.10321233014	5.5
472761.4205068179	291563.10321233014	5.5
472766.4205068179	291563.10321233014	5.5
472771.4205068179	291563.10321233014	5.5
472776.4205068179	291563.10321233014	5.5
472781.4205068179	291563.10321233014	5.5
472786.4205068179	291563.10321233014	5.5
472791.4205068179	291563.10321233014	5.5
472796.4205068179	291563.10321233014	5.5
472801.4205068179	291563.10321233014	5.5
472806.4205068179	291563.10321233014	5.5
472811.4205068179	291563.10321233014	5.5
472346.4205068179	291558.10321233014	5.5
472351.4205068179	291558.10321233014	5.5
472356.4205068179	291558.10321233014	5.5
472361.4205068179	291558.10321233014	5.5
472366.4205068179	291558.10321233014	5.5
472371.4205068179	291558.10321233014	5.5
472376.4205068179	291558.10321233014	5.5
472381.4205068179	291558.10321233014	5.5
472386.4205068179	291558.10321233014	5.5
472391.4205068179	291558.10321233014	5.5
472396.4205068179	291558.10321233014	5.5
472401.4205068179	291558.10321233014	5.5
472406.4205068179	291558.10321233014	5.5
472411.4205068179	291558.10321233014	5.5
472416.4205068179	291558.10321233014	5.5
472421.4205068179	291558.10321233014	5.5
472426.4205068179	291558.10321233014	5.5
472431.4205068179	291558.10321233014	5.5
472436.4205068179	291558.10321233014	5.5
472441.4205068179	291558.10321233014	5.5
472446.4205068179	291558.10321233014	5.5
472451.4205068179	291558.10321233014	5.5
472456.4205068179	291558.10321233014	5.5
472461.4205068179	291558.10321233014	5.5
472466.4205068179	291558.10321233014	5.5
472471.4205068179	291558.10321233014	5.5
472476.4205068179	291558.10321233014	5.5
472481.4205068179	291558.10321233014	5.5
472486.4205068179	291558.10321233014	5.5
472491.4205068179	291558.10321233014	5.5
472496.4205068179	291558.10321233014	5.5
472501.4205068179	291558.10321233014	5.5
472506.4205068179	291558.10321233014	5.5
472511.4205068179	291558.10321233014	5.5
472516.4205068179	291558.10321233014	5.5
472521.4205068179	291558.10321233014	5.5
472526.4205068179	291558.10321233014	5.5
472531.4205068179	291558.10321233014	5.5
472536.4205068179	291558.10321233014	5.5
472541.4205068179	291558.10321233014	5.5
472546.4205068179	291558.10321233014	5.5
472551.4205068179	291558.10321233014	5.5
472556.4205068179	291558.10321233014	5.5
472561.4205068179	291558.10321233014	5.5
472566.4205068179	291558.10321233014	5.5
472571.4205068179	291558.10321233014	5.5
472576.4205068179	291558.10321233014	5.5
472581.4205068179	291558.10321233014	5.5
472586.4205068179	291558.10321233014	5.5
472591.4205068179	291558.10321233014	5.5
472596.4205068179	291558.10321233014	5.5
472601.4205068179	291558.10321233014	5.5
472606.4205068179	291558.10321233014	5.5
472611.4205068179	291558.10321233014	5.5
472616.4205068179	291558.10321233014	5.5
472621.4205068179	291558.10321233014	5.5
472626.4205068179	291558.10321233014	5.5
472631.4205068179	291558.10321233014	5.5
472636.4205068179	291558.10321233014	5.5
472641.4205068179	291558.10321233014	5.5
472646.4205068179	291558.10321233014	5.5
472651.4205068179	291558.10321233014	5.5
472656.4205068179	291558.10321233014	5.5
472661.4205068179	291558.10321233014	5.5
472666.4205068179	291558.10321233014	5.5
472671.4205068179	291558.10321233014	5.5
472676.4205068179	291558.10321233014	5.5
472681.4205068179	291558.10321233014	5.5
472686.4205068179	291558.10321233014	5.5
472691.4205068179	291558.10321233014	5.5
472696.4205068179	291558.10321233014	5.5
472701.4205068179	291558.10321233014	5.5
472706.4205068179	291558.10321233014	5.5
472711.4205068179	291558.10321233014	5.5
472716.4205068179	291558.10321233014	5.5
472721.4205068179	291558.10321233014	5.5
472726.4205068179	291558.10321233014	5.5
472731.4205068179	291558.10321233014	5.5
472736.4205068179	291558.10321233014	5.5
472741.4205068179	291558.10321233014	5.5
472746.4205068179	291558.10321233014	5.5
472751.4205068179	291558.10321233014	5.5
472756.4205068179	291558.10321233014	5.5
472761.4205068179	291558.10321233014	5.5
472766.4205068179	291558.10321233014	5.5
472771.4205068179	291558.10321233014	5.5
472776.4205068179	291558.10321233014	5.5
472781.4205068179	291558.10321233014	5.5
472786.4205068179	291558.10321233014	5.5
472791.4205068179	291558.10321233014	5.5
472796.4205068179	291558.10321233014	5.5
472801.4205068179	291558.10321233014	5.5
472806.4205068179	291558.10321233014	5.5
472811.4205068179	291558.10321233014	5.5
472816.4205068179	291558.10321233014	5.5
472351.4205068179	291553.10321233014	5.5
472356.4205068179	291553.10321233014	5.5
472361.4205068179	291553.10321233014	5.5
472366.4205068179	291553.10321233014	5.5
472371.4205068179	291553.10321233014	5.5
472376.4205068179	291553.10321233014	5.5
472381.4205068179	291553.10321233014	5.5
472386.4205068179	291553.10321233014	5.5
472391.4205068179	291553.10321233014	5.5
472396.4205068179	291553.10321233014	5.5
472401.4205068179	291553.10321233014	5.5
472406.4205068179	291553.10321233014	5.5
472411.4205068179	291553.10321233014	5.5
472416.4205068179	291553.10321233014	5.5
472421.4205068179	291553.10321233014	5.5
472426.4205068179	291553.10321233014	5.5
472431.4205068179	291553.10321233014	5.5
472436.4205068179	291553.10321233014	5.5
472441.4205068179	291553.10321233014	5.5
472446.4205068179	291553.10321233014	5.5
472451.4205068179	291553.10321233014	5.5
472456.4205068179	291553.10321233014	5.5
472461.4205068179	291553.10321233014	5.5
472466.4205068179	291553.10321233014	5.5
472471.4205068179	291553.10321233014	5.5
472476.4205068179	291553.10321233014	5.5
472481.4205068179	291553.10321233014	5.5
472486.4205068179	291553.10321233014	5.5
472491.4205068179	291553.10321233014	5.5
472496.4205068179	291553.10321233014	5.5
472501.4205068179	291553.10321233014	5.5
472506.4205068179	291553.10321233014	5.5
472511.4205068179	291553.10321233014	5.5
472516.4205068179	291553.10321233014	5.5
472521.4205068179	291553.10321233014	5.5
472526.4205068179	291553.10321233014	5.5
472531.4205068179	291553.10321233014	5.5
472536.4205068179	291553.10321233014	5.5
472541.4205068179	291553.10321233014	5.5
472546.4205068179	291553.10321233014	5.5
472551.4205068179	291553.10321233014	5.5
472556.4205068179	291553.10321233014	5.5
472561.4205068179	291553.10321233014	5.5
472566.4205068179	291553.10321233014	5.5
472571.4205068179	291553.10321233014	5.5
472576.4205068179	291553.10321233014	5.5
472581.4205068179	291553.10321233014	5.5
472586.4205068179	291553.10321233014	5.5
472591.4205068179	291553.10321233014	5.5
472596.4205068179	291553.10321233014	5.5
472601.4205068179	291553.10321233014	5.5
472606.4205068179	291553.10321233014	5.5
472611.4205068179	291553.10321233014	5.5
472616.4205068179	291553.10321233014	5.5
472621.4205068179	291553.10321233014	5.5
472626.4205068179	291553.10321233014	5.5
472631.4205068179	291553.10321233014	5.5
472636.4205068179	291553.10321233014	5.5
472641.4205068179	291553.10321233014	5.5
472646.4205068179	291553.10321233014	5.5
472651.4205068179	291553.10321233014	5.5
472656.4205068179	291553.10321233014	5.5
472661.4205068179	291553.10321233014	5.5
472666.4205068179	291553.10321233014	5.5
472671.4205068179	291553.10321233014	5.5
472676.4205068179	291553.10321233014	5.5
472681.4205068179	291553.10321233014	5.5
472686.4205068179	291553.10321233014	5.5
472691.4205068179	291553.10321233014	5.5
472696.4205068179	291553.10321233014	5.5
472701.4205068179	291553.10321233014	5.5
472706.4205068179	291553.10321233014	5.5
472711.4205068179	291553.10321233014	5.5
472716.4205068179	291553.10321233014	5.5
472721.4205068179	291553.10321233014	5.5
472726.4205068179	291553.10321233014	5.5
472731.4205068179	291553.10321233014	5.5
472736.4205068179	291553.10321233014	5.5
472741.4205068179	291553.10321233014	5.5
472746.4205068179	291553.10321233014	5.5
472751.4205068179	291553.10321233014	5.5
472756.4205068179	291553.10321233014	5.5
472761.4205068179	291553.10321233014	5.5
472766.4205068179	291553.10321233014	5.5
472771.4205068179	291553.10321233014	5.5
472776.4205068179	291553.10321233014	5.5
472781.4205068179	291553.10321233014	5.5
472786.4205068179	291553.10321233014	5.5
472791.4205068179	291553.10321233014	5.5
472796.4205068179	291553.10321233014	5.5
472801.4205068179	291553.10321233014	5.5
472806.4205068179	291553.10321233014	5.5
472811.4205068179	291553.10321233014	5.5
472816.4205068179	291553.10321233014	5.5
472821.4205068179	291553.10321233014	5.5
472361.4205068179	291548.10321233014	5.5
472366.4205068179	291548.10321233014	5.5
472371.4205068179	291548.10321233014	5.5
472376.4205068179	291548.10321233014	5.5
472381.4205068179	291548.10321233014	5.5
472386.4205068179	291548.10321233014	5.5
472391.4205068179	291548.10321233014	5.5
472396.4205068179	291548.10321233014	5.5
472401.4205068179	291548.10321233014	5.5
472406.4205068179	291548.10321233014	5.5
472411.4205068179	291548.10321233014	5.5
472416.4205068179	291548.10321233014	5.5
472421.4205068179	291548.10321233014	5.5
472426.4205068179	291548.10321233014	5.5
472431.4205068179	291548.10321233014	5.5
472436.4205068179	291548.10321233014	5.5
472441.4205068179	291548.10321233014	5.5
472446.4205068179	291548.10321233014	5.5
472451.4205068179	291548.10321233014	5.5
472456.4205068179	291548.10321233014	5.5
472461.4205068179	291548.10321233014	5.5
472466.4205068179	291548.10321233014	5.5
472471.4205068179	291548.10321233014	5.5
472476.4205068179	291548.10321233014	5.5
472481.4205068179	291548.10321233014	5.5
472486.4205068179	291548.10321233014	5.5
472491.4205068179	291548.10321233014	5.5
472496.4205068179	291548.10321233014	5.5
472501.4205068179	291548.10321233014	5.5
472506.4205068179	291548.10321233014	5.5
472511.4205068179	291548.10321233014	5.5
472516.4205068179	291548.10321233014	5.5
472521.4205068179	291548.10321233014	5.5
472526.4205068179	291548.10321233014	5.5
472531.4205068179	291548.10321233014	5.5
472536.4205068179	291548.10321233014	5.5
472541.4205068179	291548.10321233014	5.5
472546.4205068179	291548.10321233014	5.5
472551.4205068179	291548.10321233014	5.5
472556.4205068179	291548.10321233014	5.5
472561.4205068179	291548.10321233014	5.5
472566.4205068179	291548.10321233014	5.5
472571.4205068179	291548.10321233014	5.5
472576.4205068179	291548.10321233014	5.5
472581.4205068179	291548.10321233014	5.5
472586.4205068179	291548.10321233014	5.5
472591.4205068179	291548.10321233014	5.5
472596.4205068179	291548.10321233014	5.5
472601.4205068179	291548.10321233014	5.5
472606.4205068179	291548.10321233014	5.5
472611.4205068179	291548.10321233014	5.5
472616.4205068179	291548.10321233014	5.5
472621.4205068179	291548.10321233014	5.5
472626.4205068179	291548.10321233014	5.5
472631.4205068179	291548.10321233014	5.5
472636.4205068179	291548.10321233014	5.5
472641.4205068179	291548.10321233014	5.5
472646.4205068179	291548.10321233014	5.5
472651.4205068179	291548.10321233014	5.5
472656.4205068179	291548.10321233014	5.5
472661.4205068179	291548.10321233014	5.5
472666.4205068179	291548.10321233014	5.5
472671.4205068179	291548.10321233014	5.5
472676.4205068179	291548.10321233014	5.5
472681.4205068179	291548.10321233014	5.5
472686.4205068179	291548.10321233014	5.5
472691.4205068179	291548.10321233014	5.5
472696.4205068179	291548.10321233014	5.5
472701.4205068179	291548.10321233014	5.5
472706.4205068179	291548.10321233014	5.5
472711.4205068179	291548.10321233014	5.5
472716.4205068179	291548.10321233014	5.5
472721.4205068179	291548.10321233014	5.5
472726.4205068179	291548.10321233014	5.5
472731.4205068179	291548.10321233014	5.5
472736.4205068179	291548.10321233014	5.5
472741.4205068179	291548.10321233014	5.5
472746.4205068179	291548.10321233014	5.5
472751.4205068179	291548.10321233014	5.5
472756.4205068179	291548.10321233014	5.5
472761.4205068179	291548.10321233014	5.5
472766.4205068179	291548.10321233014	5.5
472771.4205068179	291548.10321233014	5.5
472776.4205068179	291548.10321233014	5.5
472781.4205068179	291548.10321233014	5.5
472786.4205068179	291548.10321233014	5.5
472791.4205068179	291548.10321233014	5.5
472796.4205068179	291548.10321233014	5.5
472801.4205068179	291548.10321233014	5.5
472806.4205068179	291548.10321233014	5.5
472811.4205068179	291548.10321233014	5.5
472816.4205068179	291548.10321233014	5.5
472821.4205068179	291548.10321233014	5.5
472371.4205068179	291543.10321233014	5.5
472376.4205068179	291543.10321233014	5.5
472381.4205068179	291543.10321233014	5.5
472386.4205068179	291543.10321233014	5.5
472391.4205068179	291543.10321233014	5.5
472396.4205068179	291543.10321233014	5.5
472401.4205068179	291543.10321233014	5.5
472406.4205068179	291543.10321233014	5.5
472411.4205068179	291543.10321233014	5.5
472416.4205068179	291543.10321233014	5.5
472421.4205068179	291543.10321233014	5.5
472426.4205068179	291543.10321233014	5.5
472431.4205068179	291543.10321233014	5.5
472436.4205068179	291543.10321233014	5.5
472441.4205068179	291543.10321233014	5.5
472446.4205068179	291543.10321233014	5.5
472451.4205068179	291543.10321233014	5.5
472456.4205068179	291543.10321233014	5.5
472461.4205068179	291543.10321233014	5.5
472466.4205068179	291543.10321233014	5.5
472471.4205068179	291543.10321233014	5.5
472476.4205068179	291543.10321233014	5.5
472481.4205068179	291543.10321233014	5.5
472486.4205068179	291543.10321233014	5.5
472491.4205068179	291543.10321233014	5.5
472496.4205068179	291543.10321233014	5.5
472501.4205068179	291543.10321233014	5.5
472506.4205068179	291543.10321233014	5.5
472511.4205068179	291543.10321233014	5.5
472516.4205068179	291543.10321233014	5.5
472521.4205068179	291543.10321233014	5.5
472526.4205068179	291543.10321233014	5.5
472531.4205068179	291543.10321233014	5.5
472536.4205068179	291543.10321233014	5.5
472541.4205068179	291543.10321233014	5.5
472546.4205068179	291543.10321233014	5.5
472551.4205068179	291543.10321233014	5.5
472556.4205068179	291543.10321233014	5.5
472561.4205068179	291543.10321233014	5.5
472566.4205068179	291543.10321233014	5.5
472571.4205068179	291543.10321233014	5.5
472576.4205068179	291543.10321233014	5.5
472581.4205068179	291543.10321233014	5.5
472586.4205068179	291543.10321233014	5.5
472591.4205068179	291543.10321233014	5.5
472596.4205068179	291543.10321233014	5.5
472601.4205068179	291543.10321233014	5.5
472606.4205068179	291543.10321233014	5.5
472611.4205068179	291543.10321233014	5.5
472616.4205068179	291543.10321233014	5.5
472621.4205068179	291543.10321233014	5.5
472626.4205068179	291543.10321233014	5.5
472631.4205068179	291543.10321233014	5.5
472636.4205068179	291543.10321233014	5.5
472641.4205068179	291543.10321233014	5.5
472646.4205068179	291543.10321233014	5.5
472651.4205068179	291543.10321233014	5.5
472656.4205068179	291543.10321233014	5.5
472661.4205068179	291543.10321233014	5.5
472666.4205068179	291543.10321233014	5.5
472671.4205068179	291543.10321233014	5.5
472676.4205068179	291543.10321233014	5.5
472681.4205068179	291543.10321233014	5.5
472686.4205068179	291543.10321233014	5.5
472691.4205068179	291543.10321233014	5.5
472696.4205068179	291543.10321233014	5.5
472701.4205068179	291543.10321233014	5.5
472706.4205068179	291543.10321233014	5.5
472711.4205068179	291543.10321233014	5.5
472716.4205068179	291543.10321233014	5.5
472721.4205068179	291543.10321233014	5.5
472726.4205068179	291543.10321233014	5.5
472731.4205068179	291543.10321233014	5.5
472736.4205068179	291543.10321233014	5.5
472741.4205068179	291543.10321233014	5.5
472746.4205068179	291543.10321233014	5.5
472751.4205068179	291543.10321233014	5.5
472756.4205068179	291543.10321233014	5.5
472761.4205068179	291543.10321233014	5.5
472766.4205068179	291543.10321233014	5.5
472771.4205068179	291543.10321233014	5.5
472776.4205068179	291543.10321233014	5.5
472781.4205068179	291543.10321233014	5.5
472786.4205068179	291543.10321233014	5.5
472791.4205068179	291543.10321233014	5.5
472796.4205068179	291543.10321233014	5.5
472801.4205068179	291543.10321233014	5.5
472806.4205068179	291543.10321233014	5.5
472811.4205068179	291543.10321233014	5.5
472816.4205068179	291543.10321233014	5.5
472381.4205068179	291538.10321233014	5.5
472386.4205068179	291538.10321233014	5.5
472391.4205068179	291538.10321233014	5.5
472396.4205068179	291538.10321233014	5.5
472401.4205068179	291538.10321233014	5.5
472406.4205068179	291538.10321233014	5.5
472411.4205068179	291538.10321233014	5.5
472416.4205068179	291538.10321233014	5.5
472421.4205068179	291538.10321233014	5.5
472426.4205068179	291538.10321233014	5.5
472431.4205068179	291538.10321233014	5.5
472436.4205068179	291538.10321233014	5.5
472441.4205068179	291538.10321233014	5.5
472446.4205068179	291538.10321233014	5.5
472451.4205068179	291538.10321233014	5.5
472456.4205068179	291538.10321233014	5.5
472461.4205068179	291538.10321233014	5.5
472466.4205068179	291538.10321233014	5.5
472471.4205068179	291538.10321233014	5.5
472476.4205068179	291538.10321233014	5.5
472481.4205068179	291538.10321233014	5.5
472486.4205068179	291538.10321233014	5.5
472491.4205068179	291538.10321233014	5.5
472496.4205068179	291538.10321233014	5.5
472501.4205068179	291538.10321233014	5.5
472506.4205068179	291538.10321233014	5.5
472511.4205068179	291538.10321233014	5.5
472516.4205068179	291538.10321233014	5.5
472521.4205068179	291538.10321233014	5.5
472526.4205068179	291538.10321233014	5.5
472531.4205068179	291538.10321233014	5.5
472536.4205068179	291538.10321233014	5.5
472541.4205068179	291538.10321233014	5.5
472546.4205068179	291538.10321233014	5.5
472551.4205068179	291538.10321233014	5.5
472556.4205068179	291538.10321233014	5.5
472561.4205068179	291538.10321233014	5.5
472566.4205068179	291538.10321233014	5.5
472571.4205068179	291538.10321233014	5.5
472576.4205068179	291538.10321233014	5.5
472581.4205068179	291538.10321233014	5.5
472586.4205068179	291538.10321233014	5.5
472591.4205068179	291538.10321233014	5.5
472596.4205068179	291538.10321233014	5.5
472601.4205068179	291538.10321233014	5.5
472606.4205068179	291538.10321233014	5.5
472611.4205068179	291538.10321233014	5.5
472616.4205068179	291538.10321233014	5.5
472621.4205068179	291538.10321233014	5.5
472626.4205068179	291538.10321233014	5.5
472631.4205068179	291538.10321233014	5.5
472636.4205068179	291538.10321233014	5.5
472641.4205068179	291538.10321233014	5.5
472646.4205068179	291538.10321233014	5.5
472651.4205068179	291538.10321233014	5.5
472656.4205068179	291538.10321233014	5.5
472661.4205068179	291538.10321233014	5.5
472666.4205068179	291538.10321233014	5.5
472671.4205068179	291538.10321233014	5.5
472676.4205068179	291538.10321233014	5.5
472681.4205068179	291538.10321233014	5.5
472686.4205068179	291538.10321233014	5.5
472691.4205068179	291538.10321233014	5.5
472696.4205068179	291538.10321233014	5.5
472701.4205068179	291538.10321233014	5.5
472706.4205068179	291538.10321233014	5.5
472711.4205068179	291538.10321233014	5.5
472716.4205068179	291538.10321233014	5.5
472721.4205068179	291538.10321233014	5.5
472726.4205068179	291538.10321233014	5.5
472731.4205068179	291538.10321233014	5.5
472736.4205068179	291538.10321233014	5.5
472741.4205068179	291538.10321233014	5.5
472746.4205068179	291538.10321233014	5.5
472751.4205068179	291538.10321233014	5.5
472756.4205068179	291538.10321233014	5.5
472761.4205068179	291538.10321233014	5.5
472766.4205068179	291538.10321233014	5.5
472771.4205068179	291538.10321233014	5.5
472776.4205068179	291538.10321233014	5.5
472781.4205068179	291538.10321233014	5.5
472786.4205068179	291538.10321233014	5.5
472791.4205068179	291538.10321233014	5.5
472796.4205068179	291538.10321233014	5.5
472801.4205068179	291538.10321233014	5.5
472806.4205068179	291538.10321233014	5.5
472386.4205068179	291533.10321233014	5.5
472391.4205068179	291533.10321233014	5.5
472396.4205068179	291533.10321233014	5.5
472401.4205068179	291533.10321233014	5.5
472406.4205068179	291533.10321233014	5.5
472411.4205068179	291533.10321233014	5.5
472416.4205068179	291533.10321233014	5.5
472421.4205068179	291533.10321233014	5.5
472426.4205068179	291533.10321233014	5.5
472431.4205068179	291533.10321233014	5.5
472436.4205068179	291533.10321233014	5.5
472441.4205068179	291533.10321233014	5.5
472446.4205068179	291533.10321233014	5.5
472451.4205068179	291533.10321233014	5.5
472456.4205068179	291533.10321233014	5.5
472461.4205068179	291533.10321233014	5.5
472466.4205068179	291533.10321233014	5.5
472471.4205068179	291533.10321233014	5.5
472476.4205068179	291533.10321233014	5.5
472481.4205068179	291533.10321233014	5.5
472486.4205068179	291533.10321233014	5.5
472491.4205068179	291533.10321233014	5.5
472496.4205068179	291533.10321233014	5.5
472501.4205068179	291533.10321233014	5.5
472506.4205068179	291533.10321233014	5.5
472511.4205068179	291533.10321233014	5.5
472516.4205068179	291533.10321233014	5.5
472521.4205068179	291533.10321233014	5.5
472526.4205068179	291533.10321233014	5.5
472531.4205068179	291533.10321233014	5.5
472536.4205068179	291533.10321233014	5.5
472541.4205068179	291533.10321233014	5.5
472546.4205068179	291533.10321233014	5.5
472551.4205068179	291533.10321233014	5.5
472556.4205068179	291533.10321233014	5.5
472561.4205068179	291533.10321233014	5.5
472566.4205068179	291533.10321233014	5.5
472571.4205068179	291533.10321233014	5.5
472576.4205068179	291533.10321233014	5.5
472581.4205068179	291533.10321233014	5.5
472586.4205068179	291533.10321233014	5.5
472591.4205068179	291533.10321233014	5.5
472596.4205068179	291533.10321233014	5.5
472601.4205068179	291533.10321233014	5.5
472606.4205068179	291533.10321233014	5.5
472611.4205068179	291533.10321233014	5.5
472616.4205068179	291533.10321233014	5.5
472621.4205068179	291533.10321233014	5.5
472626.4205068179	291533.10321233014	5.5
472631.4205068179	291533.10321233014	5.5
472636.4205068179	291533.10321233014	5.5
472641.4205068179	291533.10321233014	5.5
472646.4205068179	291533.10321233014	5.5
472651.4205068179	291533.10321233014	5.5
472656.4205068179	291533.10321233014	5.5
472661.4205068179	291533.10321233014	5.5
472666.4205068179	291533.10321233014	5.5
472671.4205068179	291533.10321233014	5.5
472676.4205068179	291533.10321233014	5.5
472681.4205068179	291533.10321233014	5.5
472686.4205068179	291533.10321233014	5.5
472691.4205068179	291533.10321233014	5.5
472696.4205068179	291533.10321233014	5.5
472701.4205068179	291533.10321233014	5.5
472706.4205068179	291533.10321233014	5.5
472711.4205068179	291533.10321233014	5.5
472716.4205068179	291533.10321233014	5.5
472721.4205068179	291533.10321233014	5.5
472726.4205068179	291533.10321233014	5.5
472731.4205068179	291533.10321233014	5.5
472736.4205068179	291533.10321233014	5.5
472741.4205068179	291533.10321233014	5.5
472746.4205068179	291533.10321233014	5.5
472771.4205068179	291533.10321233014	5.5
472776.4205068179	291533.10321233014	5.5
472781.4205068179	291533.10321233014	5.5
472786.4205068179	291533.10321233014	5.5
472791.4205068179	291533.10321233014	5.5
472796.4205068179	291533.10321233014	5.5
472391.4205068179	291528.10321233014	5.5
472396.4205068179	291528.10321233014	5.5
472401.4205068179	291528.10321233014	5.5
472406.4205068179	291528.10321233014	5.5
472411.4205068179	291528.10321233014	5.5
472416.4205068179	291528.10321233014	5.5
472421.4205068179	291528.10321233014	5.5
472426.4205068179	291528.10321233014	5.5
472431.4205068179	291528.10321233014	5.5
472436.4205068179	291528.10321233014	5.5
472441.4205068179	291528.10321233014	5.5
472446.4205068179	291528.10321233014	5.5
472451.4205068179	291528.10321233014	5.5
472456.4205068179	291528.10321233014	5.5
472461.4205068179	291528.10321233014	5.5
472466.4205068179	291528.10321233014	5.5
472471.4205068179	291528.10321233014	5.5
472476.4205068179	291528.10321233014	5.5
472481.4205068179	291528.10321233014	5.5
472486.4205068179	291528.10321233014	5.5
472491.4205068179	291528.10321233014	5.5
472496.4205068179	291528.10321233014	5.5
472501.4205068179	291528.10321233014	5.5
472506.4205068179	291528.10321233014	5.5
472511.4205068179	291528.10321233014	5.5
472516.4205068179	291528.10321233014	5.5
472521.4205068179	291528.10321233014	5.5
472526.4205068179	291528.10321233014	5.5
472531.4205068179	291528.10321233014	5.5
472536.4205068179	291528.10321233014	5.5
472541.4205068179	291528.10321233014	5.5
472546.4205068179	291528.10321233014	5.5
472551.4205068179	291528.10321233014	5.5
472556.4205068179	291528.10321233014	5.5
472561.4205068179	291528.10321233014	5.5
472566.4205068179	291528.10321233014	5.5
472571.4205068179	291528.10321233014	5.5
472576.4205068179	291528.10321233014	5.5
472581.4205068179	291528.10321233014	5.5
472586.4205068179	291528.10321233014	5.5
472591.4205068179	291528.10321233014	5.5
472596.4205068179	291528.10321233014	5.5
472601.4205068179	291528.10321233014	5.5
472606.4205068179	291528.10321233014	5.5
472611.4205068179	291528.10321233014	5.5
472616.4205068179	291528.10321233014	5.5
472621.4205068179	291528.10321233014	5.5
472626.4205068179	291528.10321233014	5.5
472631.4205068179	291528.10321233014	5.5
472636.4205068179	291528.10321233014	5.5
472641.4205068179	291528.10321233014	5.5
472646.4205068179	291528.10321233014	5.5
472651.4205068179	291528.10321233014	5.5
472656.4205068179	291528.10321233014	5.5
472661.4205068179	291528.10321233014	5.5
472666.4205068179	291528.10321233014	5.5
472671.4205068179	291528.10321233014	5.5
472676.4205068179	291528.10321233014	5.5
472681.4205068179	291528.10321233014	5.5
472686.4205068179	291528.10321233014	5.5
472691.4205068179	291528.10321233014	5.5
472696.4205068179	291528.10321233014	5.5
472701.4205068179	291528.10321233014	5.5
472706.4205068179	291528.10321233014	5.5
472711.4205068179	291528.10321233014	5.5
472716.4205068179	291528.10321233014	5.5
472721.4205068179	291528.10321233014	5.5
472726.4205068179	291528.10321233014	5.5
472731.4205068179	291528.10321233014	5.5
472401.4205068179	291523.10321233014	5.5
472406.4205068179	291523.10321233014	5.5
472411.4205068179	291523.10321233014	5.5
472416.4205068179	291523.10321233014	5.5
472421.4205068179	291523.10321233014	5.5
472426.4205068179	291523.10321233014	5.5
472431.4205068179	291523.10321233014	5.5
472436.4205068179	291523.10321233014	5.5
472441.4205068179	291523.10321233014	5.5
472446.4205068179	291523.10321233014	5.5
472451.4205068179	291523.10321233014	5.5
472456.4205068179	291523.10321233014	5.5
472461.4205068179	291523.10321233014	5.5
472466.4205068179	291523.10321233014	5.5
472471.4205068179	291523.10321233014	5.5
472476.4205068179	291523.10321233014	5.5
472481.4205068179	291523.10321233014	5.5
472486.4205068179	291523.10321233014	5.5
472491.4205068179	291523.10321233014	5.5
472496.4205068179	291523.10321233014	5.5
472501.4205068179	291523.10321233014	5.5
472506.4205068179	291523.10321233014	5.5
472511.4205068179	291523.10321233014	5.5
472516.4205068179	291523.10321233014	5.5
472521.4205068179	291523.10321233014	5.5
472526.4205068179	291523.10321233014	5.5
472531.4205068179	291523.10321233014	5.5
472536.4205068179	291523.10321233014	5.5
472541.4205068179	291523.10321233014	5.5
472546.4205068179	291523.10321233014	5.5
472551.4205068179	291523.10321233014	5.5
472556.4205068179	291523.10321233014	5.5
472561.4205068179	291523.10321233014	5.5
472566.4205068179	291523.10321233014	5.5
472571.4205068179	291523.10321233014	5.5
472576.4205068179	291523.10321233014	5.5
472581.4205068179	291523.10321233014	5.5
472586.4205068179	291523.10321233014	5.5
472591.4205068179	291523.10321233014	5.5
472596.4205068179	291523.10321233014	5.5
472601.4205068179	291523.10321233014	5.5
472606.4205068179	291523.10321233014	5.5
472611.4205068179	291523.10321233014	5.5
472681.4205068179	291523.10321233014	5.5
472686.4205068179	291523.10321233014	5.5
472691.4205068179	291523.10321233014	5.5
472696.4205068179	291523.10321233014	5.5
472701.4205068179	291523.10321233014	5.5
472706.4205068179	291523.10321233014	5.5
472711.4205068179	291523.10321233014	5.5
472716.4205068179	291523.10321233014	5.5
472411.4205068179	291518.10321233014	5.5
472416.4205068179	291518.10321233014	5.5
472421.4205068179	291518.10321233014	5.5
472426.4205068179	291518.10321233014	5.5
472431.4205068179	291518.10321233014	5.5
472436.4205068179	291518.10321233014	5.5
472441.4205068179	291518.10321233014	5.5
472446.4205068179	291518.10321233014	5.5
472451.4205068179	291518.10321233014	5.5
472456.4205068179	291518.10321233014	5.5
472461.4205068179	291518.10321233014	5.5
472466.4205068179	291518.10321233014	5.5
472471.4205068179	291518.10321233014	5.5
472476.4205068179	291518.10321233014	5.5
472481.4205068179	291518.10321233014	5.5
472486.4205068179	291518.10321233014	5.5
472491.4205068179	291518.10321233014	5.5
472496.4205068179	291518.10321233014	5.5
472501.4205068179	291518.10321233014	5.5
472506.4205068179	291518.10321233014	5.5
472511.4205068179	291518.10321233014	5.5
472516.4205068179	291518.10321233014	5.5
472521.4205068179	291518.10321233014	5.5
472526.4205068179	291518.10321233014	5.5
472531.4205068179	291518.10321233014	5.5
472536.4205068179	291518.10321233014	5.5
472541.4205068179	291518.10321233014	5.5
472546.4205068179	291518.10321233014	5.5
472551.4205068179	291518.10321233014	5.5
472556.4205068179	291518.10321233014	5.5
472561.4205068179	291518.10321233014	5.5
472566.4205068179	291518.10321233014	5.5
472571.4205068179	291518.10321233014	5.5
472576.4205068179	291518.10321233014	5.5
472581.4205068179	291518.10321233014	5.5
472706.4205068179	291518.10321233014	5.5
472431.4205068179	291513.10321233014	5.5
472436.4205068179	291513.10321233014	5.5
472441.4205068179	291513.10321233014	5.5
472446.4205068179	291513.10321233014	5.5
472451.4205068179	291513.10321233014	5.5
472456.4205068179	291513.10321233014	5.5
472461.4205068179	291513.10321233014	5.5
472466.4205068179	291513.10321233014	5.5
472471.4205068179	291513.10321233014	5.5
472476.4205068179	291513.10321233014	5.5
472481.4205068179	291513.10321233014	5.5
472486.4205068179	291513.10321233014	5.5
472491.4205068179	291513.10321233014	5.5
472496.4205068179	291513.10321233014	5.5
472501.4205068179	291513.10321233014	5.5
472506.4205068179	291513.10321233014	5.5
472511.4205068179	291513.10321233014	5.5
472516.4205068179	291513.10321233014	5.5
472521.4205068179	291513.10321233014	5.5
472526.4205068179	291513.10321233014	5.5
472531.4205068179	291513.10321233014	5.5
472536.4205068179	291513.10321233014	5.5
472541.4205068179	291513.10321233014	5.5
472546.4205068179	291513.10321233014	5.5
472551.4205068179	291513.10321233014	5.5
472556.4205068179	291513.10321233014	5.5
472451.4205068179	291508.10321233014	5.5
472456.4205068179	291508.10321233014	5.5
472461.4205068179	291508.10321233014	5.5
472466.4205068179	291508.10321233014	5.5
472471.4205068179	291508.10321233014	5.5
472476.4205068179	291508.10321233014	5.5
472481.4205068179	291508.10321233014	5.5
472486.4205068179	291508.10321233014	5.5
472491.4205068179	291508.10321233014	5.5
472496.4205068179	291508.10321233014	5.5
472501.4205068179	291508.10321233014	5.5
472506.4205068179	291508.10321233014	5.5
472511.4205068179	291508.10321233014	5.5
472516.4205068179	291508.10321233014	5.5
472521.4205068179	291508.10321233014	5.5
472526.4205068179	291508.10321233014	5.5
472531.4205068179	291508.10321233014	5.5
472466.4205068179	291503.10321233014	5.5
472471.4205068179	291503.10321233014	5.5
472476.4205068179	291503.10321233014	5.5
472481.4205068179	291503.10321233014	5.5
472486.4205068179	291503.10321233014	5.5
472491.4205068179	291503.10321233014	5.5
